,0,1,2,3
0,10124.089094822415,0.012332550007913728,"0.17,0.17,0.17,0.17,0.17,0.17","1.000,1.005,1.005,0.986,1.076,1.017"
1,10136.77054174011,0.0012518174254408823,"0.17,0.17,0.17,0.17,0.17,0.17","1.000,1.001,1.005,0.976,1.015,1.011"
2,10072.599014545234,-0.006350692206673786,"0.17,0.17,0.17,0.17,0.17,0.17","1.000,0.999,0.995,0.993,0.987,0.988"
3,10061.36045360164,-0.0011163787359951725,"0.17,0.17,0.17,0.17,0.17,0.17","1.000,1.012,1.000,1.004,0.982,0.995"
4,10144.691325853968,0.008248157095952282,"0.17,0.17,0.17,0.17,0.17,0.17","1.000,1.019,1.007,1.007,1.014,1.002"
5,10220.544936725892,0.00744935739235289,"0.17,0.17,0.17,0.17,0.17,0.17","1.000,1.018,1.011,0.997,1.012,1.007"
6,10348.718568116672,0.012462798229470424,"0.17,0.17,0.17,0.17,0.17,0.17","1.000,1.010,1.021,1.010,1.023,1.011"
7,10406.576672234862,0.005575276411967378,"0.17,0.17,0.17,0.17,0.17,0.17","1.000,1.005,1.019,1.008,1.004,0.997"
8,10391.333400599207,-0.001465846742457758,"0.17,0.17,0.17,0.17,0.17,0.17","1.000,1.005,1.007,0.984,0.994,1.001"
9,10452.18271480925,0.005838696958586591,"0.17,0.17,0.17,0.17,0.17,0.17","1.000,1.005,1.006,0.999,1.027,0.998"
10,10436.884048246498,-0.0014647537366377365,"0.17,0.17,0.17,0.17,0.17,0.17","1.000,1.004,1.002,0.999,0.983,1.004"
11,10465.191713325537,0.002708600113077131,"0.17,0.17,0.17,0.17,0.17,0.17","1.000,1.011,1.004,0.994,0.998,1.009"
12,10464.327123306603,-8.261919695094972e-05,"0.17,0.17,0.17,0.17,0.17,0.17","1.000,1.012,0.996,0.991,1.001,1.000"
13,10474.622226579078,0.0009833448593845001,"0.17,0.17,0.17,0.17,0.17,0.17","1.000,0.991,0.999,0.997,1.018,1.000"
14,10481.79076711084,0.0006841381503141566,"0.17,0.17,0.17,0.17,0.17,0.17","1.000,0.985,1.006,1.008,1.004,1.001"
15,10514.197381388922,0.003086936397839536,"0.17,0.17,0.17,0.17,0.17,0.17","1.000,1.005,1.009,0.992,1.011,1.003"
16,10489.87579692819,-0.002315893219824783,"0.17,0.17,0.17,0.17,0.17,0.17","1.000,0.992,1.002,0.991,1.001,0.999"
17,10488.910417448948,-9.2033873653086e-05,"0.17,0.17,0.17,0.17,0.17,0.17","1.000,1.003,1.001,0.990,0.993,1.013"
18,10436.234458856714,-0.005034714949340515,"0.17,0.17,0.17,0.17,0.17,0.17","1.000,0.998,0.991,0.994,0.995,0.992"
19,10447.829407556903,0.0011104112653314156,"0.17,0.17,0.17,0.17,0.17,0.17","1.000,0.992,0.991,1.029,1.001,0.995"
20,10426.460170180731,-0.002047422477442188,"0.17,0.17,0.17,0.17,0.17,0.17","1.000,0.990,1.005,0.997,0.998,0.997"
21,10324.990466410876,-0.009779606666066367,"0.17,0.17,0.17,0.17,0.17,0.17","1.000,0.999,0.990,0.983,0.982,0.988"
22,10266.288147190699,-0.005701683645011856,"0.17,0.17,0.17,0.17,0.17,0.17","1.000,0.995,0.997,0.986,0.989,0.999"
23,10173.37275547861,-0.00909173906393815,"0.17,0.17,0.17,0.17,0.17,0.17","1.000,0.985,0.987,1.000,0.987,0.987"
24,10168.693741984549,-0.0004600332593704281,"0.17,0.17,0.17,0.17,0.17,0.17","1.000,0.992,1.005,0.992,1.007,1.001"
25,10226.073088601886,0.005626884434470709,"0.17,0.17,0.17,0.17,0.17,0.17","1.000,1.011,1.013,1.003,0.998,1.009"
26,10205.764754447118,-0.0019879113174868443,"0.17,0.17,0.17,0.17,0.17,0.17","1.000,1.001,1.006,1.007,0.984,0.991"
27,10272.808934741752,0.006547762636715729,"0.17,0.17,0.17,0.17,0.17,0.17","1.000,1.012,1.006,1.018,0.997,1.007"
28,10352.898062527678,0.007765991276311021,"0.17,0.17,0.17,0.17,0.17,0.17","1.000,1.012,1.002,1.006,1.035,0.992"
29,10394.301788391609,0.003991264471883947,"0.17,0.17,0.17,0.17,0.17,0.17","1.000,1.004,0.979,1.003,1.030,1.008"
30,10384.91721731159,-0.0009032651049596926,"0.17,0.17,0.17,0.17,0.17,0.17","1.000,0.993,1.001,1.006,0.994,1.001"
31,10362.831690848376,-0.002128957209072385,"0.17,0.17,0.17,0.17,0.17,0.17","1.000,0.994,0.997,0.992,0.999,1.004"
32,10300.969336099035,-0.005987527607805613,"0.17,0.17,0.17,0.17,0.17,0.17","1.000,1.002,0.985,0.991,0.991,0.994"
33,10221.73267428586,-0.007721893101331128,"0.17,0.17,0.17,0.17,0.17,0.17","1.000,0.992,0.985,0.996,0.986,0.995"
34,10107.268104786082,-0.011261328622816662,"0.17,0.17,0.17,0.17,0.17,0.17","1.000,0.984,0.980,1.003,0.979,0.986"
35,10120.23134984268,0.0012817448701871088,"0.17,0.17,0.17,0.17,0.17,0.17","1.000,1.006,1.000,1.003,1.000,0.999"
36,10138.267702951125,0.0017806213408966512,"0.17,0.17,0.17,0.17,0.17,0.17","1.000,0.999,1.004,1.000,1.007,1.000"
37,10164.084677385843,0.0025432509363141633,"0.17,0.17,0.17,0.17,0.17,0.17","1.000,1.012,1.006,0.992,1.007,1.000"
38,10143.198064028107,-0.002057057164054109,"0.17,0.17,0.17,0.17,0.17,0.17","1.000,0.991,1.008,0.992,1.000,0.997"
39,10193.727082126401,0.004969199789149783,"0.17,0.17,0.17,0.17,0.17,0.17","1.000,1.003,1.012,0.992,1.024,0.998"
40,10261.61822749151,0.006638010126833834,"0.17,0.17,0.17,0.17,0.17,0.17","1.000,1.008,1.006,0.999,1.026,1.002"
41,10342.709260620553,0.00787130294428968,"0.17,0.17,0.17,0.17,0.17,0.17","1.000,1.007,1.002,1.002,1.033,1.003"
42,10359.137522314326,0.0015871303961014253,"0.17,0.17,0.17,0.17,0.17,0.17","1.000,0.994,0.996,1.014,0.998,1.008"
43,10445.455082568022,0.008297980853182207,"0.17,0.16,0.17,0.17,0.17,0.17","1.000,1.000,1.002,1.024,1.018,1.006"
44,10486.978866150426,0.0039674161304732525,"0.17,0.17,0.17,0.17,0.17,0.17","1.000,1.006,1.007,1.001,1.013,0.998"
45,10490.201202932472,0.00030722306780792407,"0.17,0.17,0.17,0.17,0.17,0.17","1.000,1.002,1.000,0.989,1.016,0.996"
46,10474.514905088992,-0.0014964477162411507,"0.17,0.17,0.17,0.17,0.17,0.17","1.000,0.998,0.996,0.999,1.005,0.993"
47,10504.73956360087,0.0028813873694511103,"0.17,0.17,0.17,0.17,0.17,0.17","1.000,0.998,0.998,1.003,1.018,1.000"
48,10485.651155076337,-0.001818776414628828,"0.17,0.17,0.17,0.17,0.17,0.17","1.000,1.000,0.994,0.993,1.003,0.999"
49,10396.265774731894,-0.008561084366112245,"0.17,0.17,0.17,0.17,0.17,0.17","1.000,0.997,0.987,0.989,0.979,0.996"
50,10298.259304932577,-0.009471800115420636,"0.17,0.17,0.17,0.17,0.17,0.17","1.000,0.998,0.987,0.985,0.983,0.991"
51,10391.70180054584,0.00903270242654287,"0.17,0.17,0.17,0.17,0.17,0.17","1.000,1.015,1.010,1.002,1.018,1.009"
52,10468.730228757044,0.0073851565682186635,"0.17,0.17,0.17,0.17,0.17,0.17","1.000,1.001,1.011,1.001,1.016,1.016"
53,10584.099763356004,0.010960112206096658,"0.17,0.17,0.17,0.17,0.17,0.17","1.000,1.011,1.011,1.001,1.019,1.024"
54,10572.573177682763,-0.0010896407810282974,"0.17,0.17,0.17,0.17,0.17,0.17","1.000,1.009,1.009,1.009,0.972,0.996"
55,10625.230197686786,0.004968168388139152,"0.17,0.17,0.17,0.17,0.17,0.17","1.000,1.005,0.999,1.019,1.011,0.996"
56,10615.245057120828,-0.0009401994241394199,"0.17,0.17,0.17,0.17,0.17,0.17","1.000,1.006,0.999,0.999,0.994,0.996"
57,10544.991298694327,-0.0066401920452661516,"0.17,0.17,0.17,0.17,0.17,0.17","1.000,0.983,0.997,0.992,0.992,0.997"
58,10475.624355729571,-0.006599920373493167,"0.17,0.17,0.17,0.17,0.17,0.17","1.000,0.988,1.004,0.977,0.992,1.000"
59,10403.065353467337,-0.006950560153419944,"0.17,0.17,0.17,0.17,0.17,0.17","1.000,0.990,0.995,0.990,0.997,0.986"
60,10439.428717730405,0.0034893521892591208,"0.17,0.17,0.17,0.16,0.17,0.17","1.000,1.015,1.000,0.996,1.013,0.997"
61,10392.292120543287,-0.004525471323186786,"0.17,0.17,0.17,0.16,0.17,0.17","1.000,0.992,0.992,0.993,0.997,0.999"
62,10330.244202853997,-0.005988466097936804,"0.17,0.17,0.17,0.17,0.17,0.17","1.000,0.984,0.992,1.003,0.981,1.004"
63,10371.73334811117,0.0040082355129505785,"0.17,0.17,0.17,0.17,0.17,0.17","1.000,0.999,0.999,1.024,0.996,1.006"
64,10528.35349080754,0.014987791748617642,"0.17,0.17,0.17,0.17,0.17,0.17","1.000,1.005,1.008,1.048,1.011,1.019"
65,10643.621785407777,0.010888869084405674,"0.17,0.17,0.17,0.17,0.17,0.17","1.000,1.009,1.014,1.007,1.011,1.025"
66,10646.653541812313,0.00028480199325106294,"0.17,0.17,0.17,0.17,0.17,0.17","1.000,0.993,1.004,0.999,1.012,0.995"
67,10692.803113082007,0.004325287561312112,"0.17,0.17,0.17,0.17,0.17,0.17","1.000,1.001,1.004,1.004,1.018,0.999"
68,10768.626331405869,0.007066028290392953,"0.17,0.17,0.17,0.17,0.17,0.17","1.000,1.006,1.011,1.008,1.014,1.004"
69,10870.105238072527,0.009379445398495473,"0.17,0.17,0.17,0.17,0.17,0.17","1.000,1.016,1.018,1.004,1.007,1.011"
70,10878.884487968946,0.0008073248903830712,"0.17,0.17,0.17,0.17,0.17,0.17","1.000,1.002,0.998,0.998,1.009,0.998"
71,10889.477558285891,0.0009732538562711003,"0.17,0.17,0.17,0.17,0.17,0.17","1.000,1.007,1.005,0.997,0.994,1.004"
72,10927.149593815835,0.0034535194381348166,"0.17,0.17,0.17,0.16,0.17,0.17","1.000,1.001,1.003,1.019,0.998,0.999"
73,10954.152498693182,0.00246812721389926,"0.17,0.17,0.17,0.17,0.17,0.17","1.000,1.004,1.002,1.025,0.988,0.996"
74,10984.11195769512,0.002731253211542884,"0.17,0.16,0.17,0.17,0.17,0.17","1.000,1.006,1.005,1.019,0.992,0.995"
75,10960.879670736625,-0.002117320984318271,"0.17,0.17,0.17,0.17,0.17,0.17","1.000,1.002,0.995,0.994,0.996,1.000"
76,10904.218925972995,-0.005182768451167681,"0.17,0.17,0.17,0.17,0.17,0.17","1.000,0.990,0.997,0.993,0.995,0.994"
77,10914.661940275371,0.0009572457142802602,"0.17,0.17,0.17,0.17,0.17,0.17","1.000,1.010,1.004,0.994,0.991,1.007"
78,10867.543128379955,-0.004326365052771572,"0.17,0.17,0.17,0.17,0.17,0.17","1.000,0.996,0.997,0.986,0.996,0.998"
79,10806.39929446362,-0.00564216651756222,"0.17,0.17,0.17,0.17,0.17,0.17","1.000,0.993,0.995,0.992,0.993,0.993"
80,10833.49990734246,0.0025046906913962406,"0.17,0.17,0.17,0.17,0.17,0.17","1.000,1.000,1.006,1.010,0.995,1.004"
81,10803.955064585085,-0.002730899836174523,"0.17,0.17,0.17,0.17,0.17,0.17","1.000,0.997,0.998,0.999,0.992,0.998"
82,10785.314866752184,-0.0017268024832738735,"0.17,0.17,0.17,0.17,0.17,0.17","1.000,0.999,0.998,1.002,0.994,0.997"
83,10711.963249268778,-0.006824296709469491,"0.17,0.17,0.17,0.17,0.17,0.17","1.000,0.994,0.988,0.996,0.988,0.993"
84,10674.376549252824,-0.0035150230539586404,"0.17,0.17,0.17,0.17,0.17,0.17","1.000,0.995,0.998,0.993,0.994,0.999"
85,10601.25457793869,-0.006873804005111616,"0.17,0.17,0.17,0.17,0.17,0.17","1.000,0.997,0.996,0.983,0.986,0.998"
86,10628.594223013524,0.002575586896037868,"0.17,0.17,0.17,0.17,0.17,0.17","1.000,1.001,1.003,0.996,1.007,1.009"
87,10734.968656632931,0.009958574170576192,"0.17,0.17,0.17,0.17,0.17,0.17","1.000,1.005,1.014,1.004,1.022,1.015"
88,10717.522445025414,-0.0016264978618099654,"0.17,0.17,0.17,0.17,0.17,0.17","1.000,0.996,1.000,0.986,1.012,0.998"
89,10686.329162010978,-0.002914737559498852,"0.17,0.17,0.17,0.17,0.17,0.17","1.000,0.993,1.000,0.994,1.000,0.995"
90,10659.236927150352,-0.00253844281245973,"0.17,0.17,0.17,0.17,0.17,0.17","1.000,1.000,0.993,0.997,1.001,0.994"
91,10669.167656677586,0.0009312211052486606,"0.17,0.17,0.17,0.17,0.17,0.17","1.000,1.003,1.004,1.002,0.992,1.004"
92,10632.311614014838,-0.00346042441205355,"0.17,0.17,0.17,0.17,0.17,0.17","1.000,0.998,0.989,1.004,0.990,0.999"
93,10674.28527651127,0.003939973803408008,"0.17,0.17,0.17,0.17,0.17,0.17","1.000,1.001,1.017,0.997,1.004,1.005"
94,10659.78264658199,-0.001359574949840853,"0.17,0.17,0.17,0.17,0.17,0.17","1.000,0.995,1.013,0.992,0.998,0.995"
95,10748.986480376605,0.008333440330377046,"0.17,0.17,0.17,0.17,0.17,0.17","1.000,1.005,1.024,0.998,1.020,1.004"
96,10774.527784453625,0.0023733406870018077,"0.17,0.17,0.17,0.17,0.17,0.17","1.000,0.999,1.010,0.996,1.009,1.001"
97,10755.07193588026,-0.0018073586246108574,"0.17,0.17,0.17,0.17,0.17,0.17","1.000,1.003,0.999,0.998,0.995,0.994"
98,10733.584835494188,-0.0019998558100689182,"0.17,0.17,0.17,0.17,0.17,0.17","1.000,0.993,0.998,0.992,1.010,0.995"
99,10626.794934531259,-0.00999895992879674,"0.17,0.17,0.17,0.17,0.17,0.17","1.000,0.993,0.986,0.981,0.986,0.995"
100,10482.328027979369,-0.013687841259464125,"0.17,0.17,0.17,0.17,0.17,0.17","1.000,0.992,0.988,0.987,0.967,0.984"
101,10445.1910819633,-0.0035491053481148055,"0.17,0.17,0.17,0.17,0.17,0.17","1.000,1.007,0.997,1.009,0.958,1.007"
102,10460.67474379523,0.001481274661584114,"0.17,0.17,0.17,0.17,0.17,0.17","1.000,1.005,0.998,0.997,1.000,1.008"
103,10432.253572172527,-0.002720651573956355,"0.17,0.17,0.17,0.17,0.17,0.17","1.000,0.998,0.998,0.990,0.995,1.003"
104,10355.796532014838,-0.007355897693801866,"0.17,0.17,0.17,0.17,0.17,0.17","1.000,0.994,0.997,0.981,0.987,0.996"
105,10300.016987757515,-0.005400869812445259,"0.17,0.17,0.17,0.17,0.17,0.17","1.000,0.990,1.000,0.992,0.993,0.994"
106,10203.155000899083,-0.009448558254870494,"0.17,0.17,0.17,0.17,0.17,0.17","1.000,0.982,0.997,0.992,0.978,0.994"
107,10289.756795510768,0.008451928257473597,"0.17,0.17,0.17,0.17,0.17,0.17","1.000,0.996,1.005,1.015,1.024,1.010"
108,10431.146390893431,0.01364726127636598,"0.17,0.17,0.17,0.17,0.17,0.17","1.000,1.021,1.004,1.014,1.025,1.018"
109,10508.206216703513,0.007360320554556131,"0.17,0.17,0.17,0.17,0.17,0.17","1.000,1.013,1.008,1.010,1.001,1.012"
110,10506.756581338415,-0.00013796221114709695,"0.17,0.17,0.17,0.17,0.17,0.17","1.000,1.004,1.005,0.996,0.989,1.006"
111,10517.759620209394,0.0010466866176642112,"0.17,0.17,0.17,0.17,0.17,0.17","1.000,1.010,1.002,0.999,0.992,1.002"
112,10582.936111430126,0.006177682416844275,"0.17,0.17,0.17,0.17,0.17,0.17","1.000,1.013,1.002,1.011,1.003,1.009"
113,10633.135772820764,0.004732238403579155,"0.17,0.17,0.17,0.17,0.17,0.17","1.000,1.009,0.995,1.012,1.005,1.008"
114,10656.311251519353,0.002177180818894103,"0.17,0.17,0.17,0.17,0.17,0.17","1.000,1.004,0.996,0.997,1.002,1.014"
115,10624.738487148741,-0.0029672208770958456,"0.17,0.17,0.17,0.17,0.17,0.17","1.000,0.983,0.992,1.003,1.011,0.994"
116,10605.550846553739,-0.001807572710644896,"0.17,0.17,0.17,0.17,0.17,0.17","1.000,0.972,0.997,1.010,1.006,1.004"
117,10627.779614399415,0.002093762540659301,"0.17,0.17,0.17,0.17,0.17,0.17","1.000,0.997,0.999,0.993,1.017,1.007"
118,10638.299628867086,0.0009893704622708774,"0.17,0.17,0.17,0.17,0.17,0.17","1.000,0.994,1.000,0.987,1.000,1.025"
119,10572.781820903723,-0.006177715783873586,"0.17,0.17,0.17,0.17,0.17,0.17","1.000,0.992,0.993,0.985,0.996,0.997"
120,10609.14442502914,0.003433364786884889,"0.17,0.17,0.17,0.17,0.17,0.17","1.000,1.002,1.006,0.992,1.009,1.012"
121,10611.932860907087,0.00026279871247097633,"0.17,0.17,0.17,0.17,0.17,0.17","1.000,0.996,1.002,0.994,1.000,1.010"
122,10568.04110149768,-0.004144653087760992,"0.17,0.17,0.17,0.17,0.17,0.17","1.000,0.992,1.009,0.992,0.982,1.000"
123,10471.009168489356,-0.009224049540597317,"0.17,0.17,0.17,0.17,0.17,0.17","1.000,0.985,1.005,0.987,0.976,0.992"
124,10404.874281559605,-0.0063360296428267475,"0.17,0.17,0.17,0.17,0.17,0.17","1.000,0.978,1.000,1.002,0.982,1.001"
125,10362.436688429885,-0.004086966508246243,"0.17,0.17,0.17,0.17,0.17,0.17","1.000,0.981,1.007,1.009,0.986,0.993"
126,10362.326134455838,-1.0668780626705538e-05,"0.17,0.17,0.17,0.17,0.17,0.17","1.000,1.004,1.007,1.005,0.990,0.994"
127,10318.245897077248,-0.004262967587821936,"0.17,0.17,0.17,0.17,0.17,0.17","1.000,1.004,0.994,0.995,0.991,0.991"
128,10361.513308532945,0.0041845240228112835,"0.17,0.17,0.17,0.17,0.17,0.17","1.000,1.004,1.007,0.999,1.010,1.004"
129,10397.203248459868,0.003438553148926065,"0.17,0.17,0.17,0.17,0.17,0.17","1.000,1.011,1.008,0.997,1.007,0.998"
130,10277.902957031169,-0.011540604853943174,"0.17,0.17,0.17,0.17,0.17,0.17","1.000,0.970,1.003,0.965,1.000,0.993"
131,10239.452284815923,-0.0037481163411292695,"0.17,0.17,0.17,0.17,0.17,0.17","1.000,1.010,1.004,0.972,0.988,1.003"
132,10303.41051676691,0.006226828190896182,"0.17,0.17,0.17,0.17,0.17,0.17","1.000,1.003,1.010,1.014,1.006,1.005"
133,10340.509271003035,0.0035941618214291125,"0.17,0.17,0.17,0.17,0.17,0.17","1.000,1.006,1.015,0.996,1.001,1.003"
134,10336.692343319037,-0.0003691919050311477,"0.17,0.17,0.17,0.17,0.17,0.17","1.000,1.003,1.002,0.998,0.992,1.002"
135,10261.9853007275,-0.007253608356851314,"0.17,0.17,0.17,0.17,0.17,0.17","1.000,0.991,0.991,0.982,0.994,1.000"
136,10110.272063149901,-0.014894377148359407,"0.17,0.17,0.17,0.17,0.17,0.17","1.000,0.979,0.979,0.980,0.979,0.993"
137,9828.637400130112,-0.028251634887977852,"0.17,0.17,0.17,0.17,0.17,0.17","1.000,0.969,0.961,0.964,0.957,0.982"
138,9527.616756428864,-0.031105699716864343,"0.17,0.17,0.17,0.17,0.17,0.17","1.000,0.955,0.957,0.977,0.964,0.964"
139,9373.412480557015,-0.016317386256769914,"0.17,0.17,0.17,0.17,0.17,0.17","1.000,0.993,0.968,0.988,0.978,0.976"
140,9533.893915661942,0.016976007660704878,"0.17,0.17,0.17,0.17,0.17,0.17","1.000,1.022,1.014,1.030,1.032,1.004"
141,9790.543398932796,0.0265637307399441,"0.17,0.17,0.17,0.17,0.17,0.17","1.000,1.043,1.029,1.007,1.042,1.040"
142,9912.607762477486,0.01239049776311609,"0.17,0.17,0.17,0.17,0.17,0.17","1.000,1.018,1.013,1.010,1.021,1.013"
143,9840.83543107411,-0.007266849281976565,"0.17,0.17,0.17,0.17,0.17,0.17","1.000,0.995,0.997,0.977,0.995,0.992"
144,9697.986848918912,-0.014622286371067338,"0.17,0.17,0.17,0.17,0.17,0.17","1.000,0.991,0.987,0.960,0.992,0.983"
145,9571.757944255885,-0.013101440791079133,"0.17,0.17,0.17,0.17,0.17,0.17","1.000,0.980,0.985,0.992,0.982,0.983"
146,9658.173185659454,0.008987637295262403,"0.17,0.17,0.17,0.17,0.17,0.17","1.000,1.021,1.011,1.006,1.010,1.007"
147,9637.722614569591,-0.0021196817145685202,"0.17,0.17,0.17,0.17,0.17,0.17","1.000,0.990,1.009,0.993,0.990,1.005"
148,9541.940311239769,-0.00998798570841337,"0.17,0.17,0.17,0.17,0.17,0.17","1.000,0.998,0.996,0.970,0.985,0.992"
149,9607.956268865839,0.006894681531506876,"0.17,0.17,0.17,0.17,0.17,0.17","1.000,1.015,1.020,0.982,1.015,1.010"
150,9652.136029821238,0.004587707863293831,"0.17,0.17,0.17,0.17,0.17,0.17","1.000,0.995,0.991,1.032,1.014,0.995"
151,9727.877249475543,0.007816465777740068,"0.17,0.17,0.17,0.17,0.17,0.17","1.000,1.019,1.002,0.997,1.023,1.006"
152,9770.337682258243,0.004355321761510855,"0.17,0.17,0.17,0.17,0.17,0.17","1.000,1.013,1.003,1.004,1.003,1.003"
153,9757.437001910905,-0.001321264960576127,"0.17,0.17,0.17,0.17,0.17,0.17","1.000,1.008,0.999,0.993,0.995,0.996"
154,9839.780277651796,0.008403617632161329,"0.17,0.17,0.17,0.17,0.17,0.17","1.000,1.003,1.011,1.029,1.001,1.006"
155,9886.84883241866,0.004772091960365273,"0.17,0.17,0.17,0.17,0.17,0.17","1.000,0.995,1.009,1.018,1.005,1.002"
156,9838.443241293273,-0.004907981905846771,"0.17,0.17,0.17,0.17,0.17,0.17","1.000,0.987,1.004,0.984,0.997,0.997"
157,9785.050857209082,-0.005441693061472699,"0.17,0.17,0.17,0.17,0.17,0.17","1.000,0.999,1.016,0.987,0.973,0.992"
158,9790.643881536753,0.0005714253879113497,"0.17,0.17,0.17,0.17,0.17,0.17","1.000,1.007,1.021,0.971,0.997,1.008"
159,9725.814346961359,-0.0066436002134111155,"0.17,0.17,0.17,0.17,0.17,0.17","1.000,0.993,1.010,0.972,0.989,0.997"
160,9710.697131707982,-0.0015555485168483958,"0.17,0.17,0.17,0.17,0.17,0.17","1.000,1.006,1.000,0.979,1.001,1.005"
161,9649.550481429678,-0.00631674292797907,"0.17,0.17,0.17,0.17,0.17,0.17","1.000,1.001,0.982,0.992,0.998,0.989"
162,9565.996269604882,-0.008696576736559915,"0.17,0.17,0.17,0.17,0.17,0.17","1.000,0.990,0.985,0.986,0.993,0.994"
163,9388.622806402109,-0.01871613881528374,"0.17,0.17,0.17,0.17,0.17,0.17","1.000,0.981,0.982,0.984,0.966,0.975"
164,9407.916195201504,0.002052866814828546,"0.17,0.17,0.17,0.17,0.17,0.17","1.000,0.983,1.004,1.009,0.998,1.017"
165,9557.662234262156,0.015791677700793573,"0.17,0.17,0.17,0.17,0.17,0.17","1.000,1.006,1.024,1.021,1.032,1.013"
166,9653.124147901764,0.009938447858635383,"0.17,0.17,0.17,0.17,0.17,0.17","1.000,0.998,1.015,1.019,1.020,1.008"
167,9821.655440105636,0.01730807772773585,"0.17,0.17,0.17,0.17,0.17,0.17","1.000,1.006,1.006,1.048,1.033,1.011"
168,9908.829797171005,0.008836571758584188,"0.17,0.17,0.17,0.17,0.17,0.17","1.000,1.003,1.005,1.012,1.019,1.015"
169,9906.437450449603,-0.00024146499798666086,"0.17,0.17,0.17,0.17,0.17,0.17","1.000,1.000,0.984,1.012,0.999,1.004"
170,9941.421851187084,0.0035252604763472578,"0.17,0.17,0.17,0.17,0.17,0.17","1.000,0.997,0.973,1.030,1.008,1.012"
171,10003.113344868494,0.006186325208634104,"0.17,0.17,0.17,0.17,0.17,0.17","1.000,0.998,1.017,1.020,0.994,1.008"
172,10082.464141607246,0.007901312234525858,"0.17,0.17,0.17,0.17,0.17,0.17","1.000,1.014,1.012,1.014,1.004,1.004"
173,10101.302047473697,0.0018666398688717987,"0.17,0.17,0.17,0.17,0.17,0.17","1.000,0.996,1.000,1.010,0.998,1.007"
174,10086.183261515804,-0.0014978377497832011,"0.17,0.17,0.17,0.17,0.17,0.17","1.000,0.999,1.003,0.996,0.993,0.999"
175,10097.851223174655,0.0011561576519715704,"0.17,0.17,0.17,0.17,0.17,0.17","1.000,0.994,1.013,1.002,1.000,0.998"
176,10277.072656391769,0.01759280739155142,"0.17,0.17,0.17,0.17,0.17,0.17","1.000,1.008,1.027,1.031,1.027,1.013"
177,10321.247683640127,0.004289193899675677,"0.17,0.17,0.17,0.17,0.17,0.17","1.000,0.999,1.011,1.003,1.006,1.008"
178,10342.264320402832,0.0020341792823628177,"0.17,0.17,0.17,0.17,0.17,0.17","1.000,1.008,0.993,0.999,1.008,1.004"
179,10323.849395965322,-0.0017821376156236083,"0.17,0.16,0.17,0.17,0.17,0.17","1.000,1.013,0.990,0.987,1.006,0.993"
180,10367.210926429396,0.004191336090772364,"0.17,0.17,0.17,0.17,0.17,0.17","1.000,1.008,1.001,0.993,1.026,0.997"
181,10519.784835926255,0.01460972416098533,"0.17,0.17,0.17,0.17,0.17,0.17","1.000,1.013,1.016,1.031,1.016,1.012"
182,10632.407860323878,0.010648928013977462,"0.17,0.17,0.17,0.17,0.17,0.17","1.000,1.010,0.997,1.048,1.001,1.008"
183,10668.17669725781,0.0033584872244476734,"0.17,0.17,0.17,0.17,0.17,0.17","1.000,0.983,1.005,1.021,1.002,1.009"
184,10716.865016633836,0.0045535009147233355,"0.17,0.17,0.17,0.17,0.17,0.17","1.000,1.008,0.995,1.034,0.992,0.998"
185,10832.111948782096,0.010696380727417196,"0.17,0.17,0.17,0.17,0.17,0.17","1.000,1.027,1.003,1.025,1.002,1.008"
186,10808.405758368166,-0.0021909087589650064,"0.17,0.17,0.17,0.17,0.17,0.17","1.000,1.006,1.001,1.005,0.985,0.990"
187,10844.551163608434,0.0033386145776403363,"0.17,0.17,0.17,0.17,0.17,0.17","1.000,1.000,1.008,1.012,1.011,0.989"
188,10890.24865222249,0.004205012821558815,"0.17,0.17,0.17,0.17,0.17,0.17","1.000,1.011,1.011,1.004,1.009,0.990"
189,10943.951846010634,0.004919191072456209,"0.17,0.17,0.17,0.17,0.17,0.17","1.000,1.005,1.004,0.999,0.996,1.025"
190,10950.494364271479,0.0005976418305120848,"0.17,0.17,0.17,0.17,0.17,0.17","1.000,0.995,1.003,1.012,0.988,1.006"
191,10914.86117747227,-0.003259331253604909,"0.17,0.17,0.17,0.17,0.17,0.17","1.000,0.994,0.996,0.991,0.994,1.005"
192,10848.72928790784,-0.006077314605885066,"0.17,0.17,0.17,0.17,0.17,0.17","1.000,0.996,0.999,0.980,0.993,0.996"
193,10782.47909725961,-0.0061254458481193605,"0.17,0.17,0.17,0.17,0.17,0.17","1.000,0.989,0.996,0.981,0.999,0.998"
194,10767.627095198657,-0.0013783694873481592,"0.17,0.17,0.17,0.17,0.17,0.17","1.000,0.978,1.005,0.994,1.005,1.009"
195,10709.691187571863,-0.005395091453445729,"0.17,0.17,0.17,0.17,0.17,0.17","1.000,0.992,1.003,0.980,0.998,0.995"
196,10622.950652843767,-0.008132233542604032,"0.17,0.17,0.17,0.17,0.17,0.17","1.000,0.993,0.993,0.986,0.986,0.994"
197,10527.02940724873,-0.009070637702104091,"0.17,0.17,0.17,0.17,0.17,0.17","1.000,0.985,0.990,0.984,0.986,1.001"
198,10609.301479821592,0.007784935665683373,"0.17,0.17,0.17,0.17,0.17,0.17","1.000,1.013,1.008,1.019,0.998,1.009"
199,10613.762192023332,0.000420364593576131,"0.17,0.17,0.17,0.17,0.17,0.17","1.000,1.007,1.007,0.998,0.987,1.004"
200,10694.278132376088,0.007557365420815595,"0.17,0.17,0.17,0.17,0.17,0.17","1.000,1.023,1.008,1.000,1.002,1.012"
201,10721.804880082196,0.00257066269764266,"0.17,0.16,0.17,0.17,0.17,0.17","1.000,1.007,1.004,1.010,0.997,0.998"
202,10760.468416059324,0.0035995797270610527,"0.17,0.17,0.17,0.17,0.17,0.16","1.000,1.001,1.001,1.020,1.001,1.000"
203,10760.144278095895,-3.0123488402461092e-05,"0.17,0.17,0.17,0.17,0.17,0.17","1.000,0.993,1.001,1.011,0.997,0.998"
204,10759.756152214784,-3.6071345442367644e-05,"0.17,0.17,0.17,0.17,0.17,0.17","1.000,1.004,1.000,0.999,1.000,0.997"
205,10738.383113720998,-0.001988362366721514,"0.17,0.17,0.17,0.17,0.17,0.17","1.000,0.996,0.999,1.010,0.986,0.998"
206,10744.0577941144,0.0005283087289509413,"0.17,0.17,0.17,0.17,0.17,0.17","1.000,0.999,1.002,1.006,0.995,1.001"
207,10741.054409721337,-0.00027957819201799796,"0.17,0.17,0.17,0.17,0.17,0.17","1.000,0.999,0.997,1.022,0.985,0.995"
208,10732.50021923675,-0.0007967186695340582,"0.17,0.17,0.17,0.17,0.17,0.17","1.000,0.992,1.003,0.999,0.999,1.003"
209,10674.00210025873,-0.005465466868234189,"0.17,0.17,0.17,0.17,0.17,0.17","1.000,0.996,0.994,1.004,0.979,0.994"
210,10630.377615075782,-0.004095359427329808,"0.17,0.17,0.17,0.17,0.17,0.17","1.000,1.002,0.989,0.989,0.997,0.999"
211,10739.97600294951,0.01025713946759496,"0.17,0.17,0.17,0.17,0.17,0.17","1.000,1.019,1.013,1.016,1.000,1.013"
212,10655.787291366985,-0.007869702512918325,"0.17,0.17,0.17,0.17,0.17,0.17","1.000,0.993,0.982,0.997,0.991,0.990"
213,10611.53971579462,-0.004161090803918947,"0.17,0.16,0.17,0.17,0.17,0.17","1.000,0.995,1.008,0.996,0.984,0.993"
214,10501.010173771936,-0.010470601837365033,"0.17,0.17,0.17,0.17,0.17,0.17","1.000,0.984,0.987,0.989,0.990,0.988"
215,10496.86696627159,-0.0003946310883222742,"0.17,0.17,0.17,0.17,0.17,0.17","1.000,0.996,1.005,0.994,1.006,0.997"
216,10423.120867838867,-0.0070503295215018705,"0.17,0.17,0.17,0.17,0.17,0.17","1.000,0.980,1.023,0.971,0.995,0.989"
217,10508.677619136777,0.008174856815881154,"0.17,0.17,0.17,0.17,0.17,0.17","1.000,0.993,1.017,1.016,1.010,1.014"
218,10568.825816153852,0.0057073514871654185,"0.17,0.17,0.17,0.17,0.17,0.17","1.000,0.988,1.007,1.020,1.003,1.016"
219,10617.642272180527,0.004608275642055672,"0.17,0.17,0.17,0.17,0.17,0.17","1.000,0.996,1.003,1.012,1.015,1.002"
220,10492.298201256253,-0.011875499521990613,"0.17,0.17,0.17,0.17,0.17,0.17","1.000,0.981,0.984,0.990,0.990,0.985"
221,10372.784873092833,-0.011455946261917569,"0.17,0.16,0.17,0.17,0.17,0.17","1.000,0.986,0.984,0.997,0.981,0.984"
222,10431.589987340829,0.005653163938019209,"0.17,0.17,0.17,0.17,0.17,0.17","1.000,1.009,1.009,1.008,0.999,1.010"
223,10499.434372932805,0.006482685416816579,"0.17,0.17,0.17,0.17,0.17,0.17","1.000,1.002,1.017,1.013,1.002,1.005"
224,10538.233958604837,0.003688586496541958,"0.17,0.17,0.17,0.17,0.17,0.17","1.000,1.005,1.005,0.994,1.009,1.009"
225,10512.976890783733,-0.002399584529460033,"0.17,0.17,0.17,0.17,0.17,0.17","1.000,0.996,0.999,0.989,1.003,1.000"
226,10496.317684602362,-0.001585889484594449,"0.17,0.17,0.17,0.17,0.17,0.17","1.000,0.996,1.002,0.989,1.000,1.003"
227,10528.01913209691,0.003015692889284768,"0.17,0.17,0.17,0.17,0.17,0.17","1.000,1.005,1.006,1.003,1.003,1.001"
228,10430.950111806964,-0.009262832842914468,"0.17,0.17,0.17,0.17,0.17,0.17","1.000,0.987,0.994,0.980,0.997,0.988"
229,10339.74293470632,-0.008782351472574543,"0.17,0.16,0.17,0.17,0.17,0.17","1.000,0.985,0.986,0.986,1.002,0.989"
230,10223.908188079682,-0.01126608996856278,"0.17,0.17,0.17,0.17,0.17,0.17","1.000,0.992,0.986,0.968,1.002,0.985"
231,10177.235343081426,-0.0045755206175692896,"0.17,0.17,0.17,0.17,0.17,0.17","1.000,0.974,0.996,1.004,0.999,0.999"
232,9949.125622806994,-0.022668726733876515,"0.17,0.17,0.17,0.17,0.17,0.17","1.000,0.978,0.984,0.972,0.947,0.985"
233,9767.253871223866,-0.018449321323179318,"0.17,0.17,0.17,0.17,0.17,0.17","1.000,0.976,0.985,0.954,0.989,0.986"
234,9735.993180016214,-0.0032056936874478624,"0.17,0.17,0.17,0.17,0.17,0.17","1.000,1.009,0.996,0.985,0.994,0.997"
235,9784.092712073638,0.0049282190328573785,"0.17,0.17,0.17,0.17,0.17,0.17","1.000,1.010,1.010,0.998,1.003,1.009"
236,9798.72986388331,0.0014948973242978466,"0.17,0.17,0.17,0.17,0.17,0.17","1.000,1.005,1.001,1.020,0.981,1.003"
237,9681.375995668672,-0.012048732051534795,"0.17,0.17,0.17,0.17,0.17,0.17","1.000,0.986,0.993,0.981,0.983,0.985"
238,9700.611305489438,0.0019848652088129094,"0.17,0.17,0.17,0.17,0.17,0.17","1.000,1.007,1.009,1.009,0.989,0.999"
239,9556.79284231372,-0.014936710675092642,"0.17,0.17,0.17,0.17,0.17,0.17","1.000,0.984,0.994,0.976,0.977,0.980"
240,9560.110594347349,0.0003471014098000478,"0.17,0.17,0.17,0.17,0.17,0.17","1.000,0.997,0.997,1.003,1.010,0.995"
241,9499.359055056588,-0.006374967001116832,"0.17,0.17,0.17,0.17,0.17,0.17","1.000,1.006,0.994,0.994,0.969,0.999"
242,9564.805853501566,0.006865976649326493,"0.17,0.17,0.17,0.17,0.17,0.17","1.000,1.007,1.001,1.016,1.007,1.010"
243,9636.007646476723,0.007416573193575033,"0.17,0.17,0.17,0.17,0.17,0.17","1.000,1.028,1.004,0.995,1.011,1.007"
244,9514.097274189555,-0.01273225600578054,"0.17,0.17,0.17,0.17,0.17,0.17","1.000,0.981,0.977,0.994,0.982,0.990"
245,9464.590763049548,-0.005217075419683688,"0.17,0.17,0.17,0.17,0.17,0.17","1.000,0.988,0.995,0.995,0.997,0.995"
246,9376.172637083671,-0.009385901535704637,"0.17,0.17,0.17,0.17,0.17,0.17","1.000,0.964,0.991,0.989,1.006,0.995"
247,9406.990087085536,0.003281393885233628,"0.17,0.17,0.17,0.17,0.17,0.17","1.000,1.012,1.012,0.976,1.016,1.004"
248,9699.759464884299,0.030648048558646314,"0.17,0.17,0.17,0.17,0.17,0.17","1.000,1.016,1.032,0.997,1.097,1.043"
249,9618.648067420923,-0.008397366497542852,"0.17,0.17,0.17,0.17,0.17,0.17","1.000,0.991,0.999,0.990,0.973,0.997"
250,9491.305254182242,-0.013327578149661515,"0.17,0.17,0.17,0.17,0.17,0.17","1.000,0.992,0.986,0.978,0.970,0.994"
251,9444.730671648242,-0.004919158015382136,"0.17,0.17,0.17,0.17,0.17,0.17","1.000,1.010,0.985,0.985,0.988,1.002"
252,9342.196659408824,-0.01091557214284383,"0.17,0.17,0.17,0.17,0.17,0.17","1.000,0.996,0.961,1.002,0.995,0.980"
253,9093.558403194998,-0.026975117876494592,"0.17,0.17,0.17,0.17,0.17,0.17","1.000,0.986,0.932,0.973,0.981,0.969"
254,8951.745829908325,-0.015717717027015674,"0.17,0.17,0.17,0.17,0.17,0.17","1.000,1.006,0.965,0.986,0.979,0.971"
255,8932.246198738136,-0.002180680786066296,"0.17,0.17,0.17,0.17,0.17,0.17","1.000,0.997,0.995,1.002,0.983,1.009"
256,8963.52511786749,0.003495680675369985,"0.17,0.17,0.17,0.17,0.17,0.17","1.000,0.994,1.015,1.000,0.998,1.014"
257,8951.539298020933,-0.001338071843520408,"0.17,0.17,0.17,0.17,0.17,0.17","1.000,1.000,1.004,1.000,0.994,0.993"
258,9123.347135949376,0.019011241171007356,"0.17,0.17,0.17,0.17,0.17,0.17","1.000,1.011,1.026,1.025,1.031,1.022"
259,9331.523849446326,0.02256158216251622,"0.17,0.17,0.17,0.17,0.17,0.17","1.000,1.019,1.025,1.055,1.031,1.008"
260,9409.34209897153,0.008304706622125528,"0.17,0.17,0.17,0.17,0.17,0.17","1.000,1.004,1.020,1.003,1.017,1.006"
261,9390.231717780383,-0.0020330660641487883,"0.17,0.17,0.17,0.17,0.17,0.17","1.000,0.989,0.995,1.007,1.000,0.997"
262,9416.00136425821,0.0027405448495903023,"0.17,0.17,0.17,0.17,0.17,0.17","1.000,0.998,1.011,1.009,0.992,1.006"
263,9479.765653250923,0.006749080994971875,"0.17,0.16,0.17,0.17,0.17,0.17","1.000,1.002,1.021,1.008,1.001,1.010"
264,9387.67725766845,-0.009761696619964113,"0.17,0.17,0.17,0.17,0.17,0.17","1.000,0.990,1.000,0.983,0.975,0.994"
265,9423.888969065963,0.003849945899112774,"0.17,0.17,0.17,0.17,0.17,0.17","1.000,1.011,1.012,1.001,0.998,1.001"
266,9469.32462179553,0.004809741879213703,"0.17,0.17,0.17,0.17,0.17,0.17","1.000,1.005,1.024,1.000,1.000,1.000"
267,9476.193815677347,0.0007251524106347849,"0.17,0.17,0.17,0.17,0.17,0.17","1.000,1.001,0.997,0.999,0.997,1.010"
268,9508.879870020424,0.0034433457757113866,"0.17,0.17,0.17,0.17,0.17,0.17","1.000,1.005,1.001,1.013,1.004,0.998"
269,9558.5879175559,0.005213923599991571,"0.17,0.17,0.17,0.17,0.17,0.17","1.000,1.008,0.998,1.026,0.995,1.004"
270,9725.755424256971,0.017337556289647303,"0.17,0.17,0.17,0.17,0.17,0.17","1.000,1.026,1.022,1.019,1.020,1.017"
271,9755.463943910125,0.0030499674708755397,"0.17,0.17,0.17,0.17,0.17,0.17","1.000,1.005,0.995,1.005,1.018,0.996"
272,9763.187559506077,0.0007914087710135087,"0.17,0.17,0.17,0.17,0.17,0.17","1.000,1.007,0.987,1.003,1.014,0.993"
273,9791.577429743285,0.002903628880143228,"0.17,0.17,0.17,0.17,0.17,0.17","1.000,1.005,0.988,1.010,1.023,0.991"
274,9737.960979373067,-0.005490819491404641,"0.17,0.17,0.17,0.17,0.17,0.17","1.000,0.991,0.991,1.002,1.004,0.979"
275,9667.843355550935,-0.007226490358541062,"0.17,0.17,0.17,0.17,0.17,0.17","1.000,0.995,0.996,0.988,0.989,0.988"
276,9759.755501872216,0.009462088726929415,"0.17,0.17,0.17,0.17,0.17,0.17","1.000,1.002,1.007,1.014,1.033,1.001"
277,9805.420469938696,0.00466799287190806,"0.17,0.17,0.17,0.17,0.17,0.17","1.000,1.003,1.002,1.002,1.020,1.001"
278,9923.561058065101,0.011976492561815003,"0.17,0.17,0.17,0.17,0.17,0.17","1.000,1.010,1.011,1.013,1.025,1.013"
279,9946.681893571205,0.0023271830140337286,"0.17,0.17,0.17,0.17,0.17,0.17","1.000,1.008,1.009,0.993,1.003,1.001"
280,10003.920100259604,0.005738008682857701,"0.17,0.17,0.17,0.17,0.17,0.17","1.000,1.016,1.005,0.996,1.011,1.007"
281,10144.850693600196,0.013989229725327706,"0.17,0.17,0.17,0.17,0.17,0.17","1.000,1.008,1.020,1.017,1.032,1.008"
282,10250.721681752859,0.010381855152302681,"0.17,0.17,0.17,0.17,0.17,0.17","1.000,0.999,1.021,1.016,1.018,1.009"
283,10345.232009300486,0.009177627056167115,"0.17,0.17,0.17,0.17,0.17,0.17","1.000,1.002,1.021,1.023,1.005,1.004"
284,10355.120963482988,0.000955438291103067,"0.17,0.17,0.17,0.17,0.17,0.17","1.000,1.001,0.993,1.013,1.000,0.999"
285,10322.971540994682,-0.0031095178035408844,"0.17,0.17,0.17,0.17,0.17,0.17","1.000,1.003,1.000,0.994,0.988,0.997"
286,10270.859698197473,-0.005060928529545534,"0.17,0.17,0.17,0.17,0.17,0.17","1.000,0.995,0.998,0.986,0.982,1.009"
287,10281.5621388722,0.001041477420710685,"0.17,0.17,0.17,0.17,0.17,0.17","1.000,0.999,1.003,0.999,1.001,1.004"
288,10335.435985914684,0.005226170108476507,"0.17,0.17,0.17,0.17,0.17,0.17","1.000,1.005,1.002,1.012,1.006,1.006"
289,10451.941195280346,0.011209343848266244,"0.17,0.17,0.17,0.17,0.17,0.17","1.000,1.018,1.007,1.016,1.011,1.015"
290,10488.956601016635,0.003535229926379779,"0.17,0.16,0.17,0.17,0.17,0.17","1.000,1.011,1.006,1.006,0.986,1.012"
291,10487.748748496659,-0.00011516131834672655,"0.17,0.17,0.17,0.17,0.17,0.17","1.000,1.000,1.003,1.001,0.994,1.002"
292,10496.130069009832,0.0007988342891004084,"0.17,0.17,0.17,0.17,0.17,0.17","1.000,1.007,1.007,0.996,0.987,1.008"
293,10532.722368655213,0.0034802028961968094,"0.17,0.17,0.17,0.17,0.17,0.17","1.000,1.005,0.996,0.999,1.019,1.001"
294,10492.235831472044,-0.0038512882490005233,"0.17,0.17,0.17,0.17,0.17,0.17","1.000,0.992,0.999,0.989,1.001,0.996"
295,10533.502112842652,0.00392531614977406,"0.17,0.17,0.17,0.17,0.17,0.17","1.000,1.001,1.004,1.007,1.002,1.009"
296,10465.054769191343,-0.006519265724597014,"0.17,0.17,0.17,0.17,0.17,0.17","1.000,0.987,0.989,0.991,0.998,0.996"
297,10533.908268581392,0.006557823452522362,"0.17,0.17,0.17,0.17,0.17,0.17","1.000,1.003,1.000,1.000,1.033,1.004"
298,10607.618516596835,0.006973058042143593,"0.17,0.17,0.17,0.17,0.17,0.17","1.000,1.007,0.995,1.005,1.032,1.002"
299,10708.83842868983,0.009496950935248402,"0.17,0.17,0.17,0.17,0.17,0.17","1.000,1.012,1.006,1.007,1.022,1.010"
300,10768.216600533344,0.005529466032772934,"0.17,0.17,0.17,0.17,0.17,0.17","1.000,1.007,1.008,1.013,0.994,1.011"
301,10730.840589780004,-0.0034769941841831064,"0.17,0.17,0.17,0.17,0.17,0.17","1.000,0.993,1.003,0.998,0.979,1.006"
302,10666.098032082857,-0.006051590503045942,"0.17,0.17,0.17,0.17,0.17,0.17","1.000,0.981,1.008,0.996,0.977,1.001"
303,10685.776208209467,0.0018432275758574214,"0.17,0.17,0.17,0.17,0.17,0.17","1.000,0.985,1.009,1.005,1.004,1.009"
304,10702.629423428145,0.0015759209916702869,"0.17,0.16,0.17,0.17,0.17,0.17","1.000,0.996,0.999,1.008,1.011,0.995"
305,10738.900438005787,0.0033832519796611086,"0.17,0.17,0.17,0.17,0.17,0.17","1.000,0.998,0.997,1.011,1.015,0.999"
306,10622.116852673333,-0.010934380821042512,"0.17,0.17,0.17,0.17,0.17,0.17","1.000,0.992,0.997,0.992,0.963,0.991"
307,10549.84531977619,-0.006827124762525389,"0.17,0.16,0.17,0.17,0.17,0.17","1.000,0.996,0.993,0.989,0.997,0.984"
308,10469.01668315464,-0.007691095269340061,"0.17,0.17,0.17,0.17,0.17,0.17","1.000,0.987,1.007,0.989,0.977,0.994"
309,10405.81068941913,-0.00605573265486397,"0.17,0.17,0.17,0.17,0.17,0.17","1.000,0.976,0.998,0.993,0.994,1.002"
310,10253.38555258926,-0.014756421396111018,"0.17,0.17,0.17,0.17,0.17,0.17","1.000,0.951,0.992,0.989,0.982,0.998"
311,10110.406950715927,-0.014042664343077986,"0.17,0.16,0.17,0.17,0.17,0.17","1.000,0.978,0.989,0.991,0.967,0.992"
312,10107.265637141365,-0.0003107492799865519,"0.17,0.17,0.17,0.17,0.17,0.17","1.000,0.995,1.004,1.002,0.999,0.998"
313,10127.17165590647,0.0019675392894314947,"0.17,0.17,0.17,0.17,0.17,0.17","1.000,1.002,1.000,0.995,1.009,1.006"
314,10072.500944926947,-0.005413042632141415,"0.17,0.17,0.17,0.17,0.17,0.17","1.000,1.006,0.991,0.999,0.982,0.990"
315,10058.574002049749,-0.0013836265709325749,"0.17,0.17,0.17,0.17,0.17,0.17","1.000,0.990,0.998,1.010,0.993,1.001"
316,10111.81756449276,0.005279390430690058,"0.17,0.17,0.17,0.17,0.17,0.17","1.000,0.992,1.006,1.026,1.003,1.004"
317,10142.615303543276,0.0030410886334390633,"0.17,0.17,0.17,0.17,0.17,0.17","1.000,0.998,1.009,1.004,1.002,1.006"
318,10182.519913924623,0.003926631850327696,"0.17,0.17,0.17,0.17,0.17,0.17","1.000,1.001,1.007,1.003,1.009,1.004"
319,10252.737418023538,0.006872218862451403,"0.17,0.16,0.17,0.17,0.17,0.17","1.000,0.999,1.011,1.002,1.027,1.003"
320,10208.697516852288,-0.0043046804212265805,"0.17,0.17,0.17,0.17,0.17,0.17","1.000,0.988,0.997,0.995,1.009,0.985"
321,10247.239665648576,0.003768313723417507,"0.17,0.17,0.17,0.17,0.17,0.17","1.000,0.990,1.001,0.992,1.037,1.003"
322,10251.670994099584,0.0004323477079917096,"0.17,0.17,0.17,0.17,0.17,0.17","1.000,1.010,1.002,0.991,1.007,0.993"
323,10349.249870584783,0.00947332470077169,"0.17,0.17,0.17,0.17,0.17,0.17","1.000,1.023,1.006,1.017,1.006,1.006"
324,10310.898924474817,-0.0037125570139783662,"0.17,0.17,0.17,0.17,0.17,0.17","1.000,1.000,0.993,0.998,0.994,0.993"
325,10359.844875387615,0.004735779502184199,"0.17,0.17,0.17,0.17,0.17,0.17","1.000,1.008,1.004,0.996,1.016,1.005"
326,10321.979199144636,-0.003661738772763563,"0.17,0.17,0.17,0.17,0.17,0.17","1.000,1.002,0.997,0.996,0.986,0.997"
327,10411.588520796726,0.008643942114764313,"0.17,0.17,0.17,0.17,0.17,0.17","1.000,1.012,1.010,1.008,1.014,1.008"
328,10469.122155240755,0.0055107109077583245,"0.17,0.16,0.17,0.17,0.17,0.17","1.000,1.014,1.006,1.000,1.011,1.003"
329,10631.113704768944,0.01535477928391369,"0.17,0.17,0.17,0.17,0.17,0.17","1.000,1.015,1.019,1.004,1.039,1.016"
330,10600.711879040693,-0.002863799571660699,"0.17,0.17,0.17,0.17,0.17,0.17","1.000,1.013,1.000,0.969,1.003,0.998"
331,10670.653243326331,0.006576128606417285,"0.17,0.17,0.17,0.17,0.17,0.17","1.000,1.004,1.000,1.033,1.002,1.000"
332,10701.425930401185,0.0028797112429282262,"0.17,0.17,0.17,0.17,0.17,0.17","1.000,0.997,1.004,1.016,0.998,1.003"
333,10657.844104699523,-0.004080840413707162,"0.17,0.17,0.17,0.17,0.17,0.17","1.000,0.993,0.997,0.992,0.997,0.996"
334,10580.472347556044,-0.007286085938462104,"0.17,0.17,0.17,0.17,0.17,0.17","1.000,0.990,1.002,0.959,1.001,1.005"
335,10602.53415324721,0.002082972845908153,"0.17,0.17,0.17,0.17,0.17,0.17","1.000,0.997,0.998,1.005,1.006,1.007"
336,10606.35425207915,0.0003602356521704137,"0.17,0.17,0.17,0.17,0.17,0.17","1.000,1.004,0.991,0.999,1.007,1.002"
337,10686.447837543754,0.00752310220912144,"0.17,0.17,0.17,0.17,0.17,0.17","1.000,1.005,1.001,1.011,1.021,1.007"
338,10690.56611917638,0.0003852999948367425,"0.17,0.17,0.17,0.17,0.17,0.17","1.000,1.003,0.996,0.997,1.003,1.003"
339,10688.506096471565,-0.0001927139485203149,"0.17,0.17,0.17,0.17,0.17,0.17","1.000,1.000,0.998,0.996,1.000,1.005"
340,10618.110815151407,-0.006607856869590348,"0.17,0.17,0.17,0.17,0.17,0.17","1.000,1.001,0.993,0.993,0.982,0.991"
341,10510.517555551705,-0.010184682861980142,"0.17,0.17,0.17,0.17,0.17,0.17","1.000,0.991,0.993,0.989,0.979,0.986"
342,10459.803321268439,-0.004836772260192869,"0.17,0.17,0.17,0.17,0.17,0.17","1.000,0.990,0.999,1.005,0.991,0.986"
343,10508.667890848936,0.004660774506877528,"0.17,0.17,0.17,0.17,0.17,0.17","1.000,1.000,1.000,1.021,1.006,1.000"
344,10506.848401241017,-0.00017315678446117323,"0.17,0.17,0.17,0.17,0.17,0.17","1.000,0.996,0.999,1.003,1.007,0.995"
345,10490.754000409723,-0.0015329754012170425,"0.17,0.16,0.17,0.17,0.17,0.17","1.000,0.997,1.000,0.997,1.000,0.998"
346,10452.48003669862,-0.0036550235032846642,"0.17,0.17,0.17,0.17,0.17,0.17","1.000,0.986,0.998,0.994,1.010,0.990"
347,10526.161117481233,0.0070244190944516475,"0.17,0.17,0.17,0.17,0.17,0.17","1.000,1.000,1.013,1.011,1.017,1.002"
348,10559.01068530803,0.0031158953516279434,"0.17,0.17,0.17,0.17,0.17,0.17","1.000,1.005,0.999,1.005,1.010,1.000"
349,10449.7930125994,-0.01039741797809097,"0.17,0.17,0.17,0.17,0.17,0.17","1.000,0.996,0.964,0.998,0.987,0.994"
350,10419.86000006913,-0.0028685702668752268,"0.17,0.17,0.17,0.17,0.17,0.17","1.000,0.995,1.002,0.991,0.994,1.001"
351,10186.830175446996,-0.022617873785016052,"0.17,0.17,0.17,0.17,0.17,0.17","1.000,0.981,0.972,0.974,0.968,0.971"
352,10158.260103970742,-0.002808548879735209,"0.17,0.17,0.17,0.17,0.17,0.17","1.000,0.996,0.998,0.993,1.003,0.994"
353,10343.942215749545,0.01811387731990681,"0.17,0.17,0.17,0.17,0.17,0.17","1.000,1.014,1.018,1.025,1.035,1.016"
354,10476.55284797929,0.012738642868928703,"0.17,0.17,0.17,0.17,0.17,0.17","1.000,1.009,1.016,1.019,1.028,1.005"
355,10486.001906860607,0.000901517933456997,"0.17,0.17,0.17,0.17,0.17,0.17","1.000,1.008,1.007,1.011,1.000,0.980"
356,10485.280952673387,-6.875632667137203e-05,"0.17,0.17,0.17,0.17,0.17,0.17","1.000,1.000,0.996,0.998,1.003,1.002"
357,10470.337110668172,-0.0014262375362270332,"0.17,0.17,0.17,0.17,0.17,0.17","1.000,0.996,0.997,0.995,1.003,1.000"
358,10523.988252844836,0.005111024816450723,"0.17,0.17,0.17,0.17,0.17,0.17","1.000,1.006,1.005,0.999,1.022,1.000"
359,10584.999917939505,0.005780649882188561,"0.17,0.17,0.17,0.17,0.17,0.17","1.000,1.005,1.005,1.008,1.006,1.010"
360,10681.836253653099,0.009106855781464003,"0.17,0.16,0.17,0.17,0.17,0.17","1.000,1.006,1.012,1.005,1.013,1.018"
361,10737.471294061792,0.005194861262563282,"0.17,0.17,0.17,0.17,0.17,0.17","1.000,1.002,1.003,1.018,1.004,1.004"
362,10731.097940129723,-0.0005937381340857144,"0.17,0.17,0.17,0.17,0.17,0.17","1.000,1.004,1.003,1.000,0.981,1.009"
363,10694.21961663537,-0.0034425029936218264,"0.17,0.17,0.17,0.17,0.17,0.17","1.000,1.001,1.000,0.994,0.982,1.002"
364,10771.646964686439,0.007214028238577259,"0.17,0.16,0.17,0.17,0.17,0.17","1.000,1.014,1.003,1.010,1.012,1.006"
365,10785.944295325418,0.0013264313774935508,"0.17,0.17,0.17,0.17,0.17,0.17","1.000,1.003,1.001,1.001,1.002,1.002"
366,10839.218715727298,0.004927086852439482,"0.17,0.17,0.17,0.17,0.17,0.17","1.000,1.007,1.001,1.014,1.006,1.002"
367,10853.61993227123,0.0013277394344983781,"0.17,0.17,0.17,0.17,0.17,0.17","1.000,1.000,0.999,1.006,0.999,1.004"
368,10886.364620219747,0.0030123952141112506,"0.17,0.17,0.17,0.17,0.17,0.17","1.000,0.998,1.001,1.012,1.002,1.005"
369,10827.13323470137,-0.0054557338327275275,"0.17,0.17,0.17,0.17,0.17,0.17","1.000,0.993,0.990,0.997,0.989,0.997"
370,10841.784920296996,0.0013523229654300462,"0.17,0.16,0.17,0.17,0.17,0.17","1.000,0.991,1.010,0.999,1.003,1.005"
371,10792.003701416525,-0.004602181117238091,"0.17,0.17,0.17,0.17,0.17,0.17","1.000,0.998,0.997,0.991,0.996,0.991"
372,10841.364817912037,0.004563431914278025,"0.17,0.17,0.17,0.17,0.17,0.17","1.000,1.014,1.004,1.002,1.010,0.998"
373,10944.006993043398,0.009423106066735213,"0.17,0.17,0.17,0.17,0.17,0.17","1.000,1.043,1.001,0.995,1.017,1.001"
374,11015.670255435014,0.006526827874748344,"0.17,0.17,0.17,0.17,0.17,0.17","1.000,1.010,1.002,1.001,1.025,1.002"
375,11079.827232480042,0.0058072607221439625,"0.17,0.17,0.17,0.17,0.17,0.17","1.000,1.002,0.994,1.000,1.048,0.992"
376,11081.627632008947,0.00016248026529620433,"0.17,0.17,0.17,0.17,0.17,0.17","1.000,1.009,0.996,1.012,0.982,1.002"
377,11053.947847759058,-0.002500933278423928,"0.17,0.17,0.17,0.17,0.17,0.17","1.000,0.994,0.991,0.997,1.000,1.003"
378,11101.62718532127,0.004304055398747357,"0.17,0.17,0.17,0.17,0.17,0.17","1.000,1.010,1.008,1.002,0.999,1.007"
379,11161.957736189504,0.005419675111115352,"0.17,0.17,0.17,0.17,0.16,0.17","1.000,1.005,1.007,1.008,1.004,1.008"
380,11217.409268701704,0.0049556045067465975,"0.17,0.17,0.17,0.17,0.17,0.17","1.000,1.012,1.012,1.000,1.001,1.005"
381,11228.32619619777,0.0009727396434800301,"0.17,0.16,0.17,0.17,0.17,0.17","1.000,1.005,1.000,1.007,0.996,0.998"
382,11293.781318207335,0.005812538303026771,"0.17,0.17,0.17,0.17,0.17,0.17","1.000,1.001,1.008,1.014,1.012,1.000"
383,11378.12662844383,0.007440547091129327,"0.17,0.17,0.17,0.17,0.17,0.17","1.000,0.995,1.013,1.037,1.001,0.998"
384,11492.957056623658,0.010041622396393557,"0.17,0.17,0.17,0.17,0.17,0.17","1.000,1.002,1.005,1.048,1.002,1.005"
385,11562.96177862181,0.00607262175297057,"0.17,0.17,0.17,0.17,0.17,0.17","1.000,1.004,0.995,1.040,0.995,1.002"
386,11564.44652268714,0.00012839692610830847,"0.17,0.17,0.17,0.17,0.17,0.17","1.000,1.007,0.997,0.992,0.997,1.007"
387,11548.556080293096,-0.0013750221181255753,"0.17,0.17,0.17,0.17,0.17,0.17","1.000,0.999,0.997,0.998,1.000,0.998"
388,11533.82181529931,-0.0012766680332235727,"0.17,0.17,0.17,0.17,0.17,0.17","1.000,0.999,0.996,1.002,0.996,0.999"
389,11555.925015591578,0.0019145473708085698,"0.17,0.17,0.17,0.17,0.17,0.17","1.000,0.999,1.005,0.998,1.012,0.997"
390,11542.676527826896,-0.0011471247895748927,"0.17,0.17,0.17,0.17,0.17,0.17","1.000,1.000,0.999,0.996,0.995,1.003"
391,11536.41350799671,-0.000542744100760061,"0.17,0.17,0.17,0.17,0.17,0.17","1.000,0.995,1.002,0.990,1.007,1.003"
392,11540.348711097642,0.0003410533160340478,"0.17,0.17,0.17,0.17,0.17,0.17","1.000,1.000,1.006,0.996,1.004,0.996"
393,11509.029193099976,-0.002717603694412803,"0.17,0.17,0.17,0.17,0.17,0.17","1.000,0.993,1.002,0.989,1.003,0.997"
394,11519.269628948283,0.0008893784645101462,"0.17,0.17,0.17,0.17,0.17,0.17","1.000,0.996,1.005,1.003,1.000,1.001"
395,11521.041960284661,0.00015384612599622668,"0.17,0.17,0.17,0.17,0.17,0.17","1.000,0.995,1.002,1.008,0.992,1.003"
396,11510.999628281228,-0.0008720314785120951,"0.17,0.17,0.17,0.17,0.17,0.17","1.000,0.997,1.001,1.003,0.990,1.003"
397,11511.469584423014,4.082586776493855e-05,"0.17,0.17,0.17,0.17,0.17,0.17","1.000,0.996,1.000,1.011,0.992,1.002"
398,11533.529253468572,0.0019144870380428094,"0.17,0.17,0.17,0.17,0.17,0.17","1.000,1.003,1.004,1.011,0.993,1.000"
399,11602.713422526898,0.00598060594712713,"0.17,0.17,0.17,0.17,0.17,0.17","1.000,1.006,1.005,1.012,1.007,1.006"
400,11709.86483721131,0.00919264853992538,"0.17,0.17,0.17,0.17,0.17,0.17","1.000,1.007,1.003,1.021,1.016,1.008"
401,11789.459996372052,0.006774276632610057,"0.17,0.17,0.17,0.17,0.17,0.17","1.000,0.998,0.997,1.025,1.015,1.006"
402,11729.612453903394,-0.005089288429239922,"0.17,0.17,0.17,0.17,0.17,0.17","1.000,0.994,0.991,0.988,0.994,1.002"
403,11630.906531980214,-0.008450712024155798,"0.17,0.17,0.17,0.17,0.17,0.17","1.000,0.980,0.988,0.996,0.990,0.995"
404,11516.159517107091,-0.009914686777774016,"0.17,0.16,0.17,0.17,0.17,0.17","1.000,0.994,0.985,0.984,0.987,0.991"
405,11601.275376874257,0.00736381391619081,"0.17,0.17,0.17,0.17,0.17,0.17","1.000,1.024,1.002,1.009,1.001,1.009"
406,11614.03944628979,0.001099625036225093,"0.17,0.17,0.17,0.17,0.17,0.17","1.000,1.028,0.991,1.005,0.991,0.991"
407,11707.23560003138,0.007992414622269305,"0.17,0.17,0.17,0.17,0.17,0.17","1.000,1.030,1.001,1.018,1.001,0.999"
408,11782.033962815274,0.006368747687787084,"0.17,0.17,0.17,0.17,0.17,0.17","1.000,1.018,1.004,1.011,1.000,1.005"
409,11740.482948606603,-0.0035328751240662616,"0.17,0.17,0.17,0.17,0.17,0.17","1.000,0.994,0.999,0.995,0.989,1.002"
410,11770.246380708282,0.0025319034203270404,"0.17,0.17,0.17,0.17,0.17,0.17","1.000,0.993,1.016,0.992,1.010,1.004"
411,11874.688594256328,0.008834271941811607,"0.17,0.17,0.17,0.17,0.17,0.17","1.000,1.001,1.024,1.006,1.021,1.002"
412,12078.787824641711,0.01704171589417886,"0.17,0.17,0.17,0.17,0.17,0.17","1.000,1.000,1.043,1.034,1.021,1.005"
413,12116.191744690892,0.003091876952367088,"0.17,0.17,0.17,0.17,0.17,0.17","1.000,1.002,1.000,1.014,1.006,0.997"
414,12043.665602536992,-0.00600387319931884,"0.17,0.17,0.17,0.17,0.17,0.17","1.000,0.990,1.000,0.989,0.993,0.992"
415,12036.734582842779,-0.000575656536623634,"0.17,0.17,0.17,0.17,0.17,0.17","1.000,1.002,1.004,0.995,0.998,0.997"
416,12091.346983214524,0.004526882378525998,"0.17,0.17,0.17,0.17,0.17,0.17","1.000,1.001,1.012,1.011,1.000,1.004"
417,12085.025519091383,-0.0005229456376550274,"0.17,0.17,0.17,0.17,0.17,0.17","1.000,1.002,0.996,0.996,0.999,1.004"
418,11988.941937278581,-0.007982406072506418,"0.17,0.17,0.17,0.17,0.17,0.17","1.000,0.992,0.992,0.981,0.993,0.995"
419,12013.191179615495,0.002020591292381651,"0.17,0.17,0.17,0.17,0.17,0.17","1.000,1.004,1.004,1.001,0.997,1.006"
420,12003.431181757567,-0.0008127702762157557,"0.17,0.17,0.17,0.17,0.17,0.17","1.000,0.998,1.000,1.000,0.996,1.002"
421,12008.980883896804,0.0004622361321200451,"0.17,0.17,0.17,0.17,0.17,0.17","1.000,1.004,1.000,1.004,0.994,1.001"
422,12044.341580703998,0.0029401944228627484,"0.17,0.17,0.17,0.17,0.17,0.17","1.000,1.002,1.002,1.008,1.002,1.004"
423,12047.613034527238,0.0002715806081818117,"0.17,0.17,0.17,0.17,0.17,0.17","1.000,1.007,0.999,1.001,0.995,0.999"
424,12036.078541177078,-0.0009578676255523875,"0.17,0.17,0.17,0.17,0.17,0.17","1.000,1.006,1.000,0.996,0.998,0.995"
425,12076.341191088997,0.003339580828392931,"0.17,0.17,0.17,0.17,0.17,0.17","1.000,1.013,1.000,1.005,1.004,0.999"
426,12004.282374715945,-0.005984814409775195,"0.17,0.17,0.17,0.17,0.17,0.17","1.000,1.003,0.991,0.976,1.003,0.992"
427,12000.879026141858,-0.00028355140297196254,"0.17,0.17,0.17,0.17,0.17,0.17","1.000,1.006,1.004,0.986,1.001,1.001"
428,11992.945400235441,-0.000661305680542134,"0.17,0.17,0.17,0.17,0.17,0.17","1.000,0.999,0.999,0.992,1.008,0.998"
429,11994.700488096847,0.00014633264745594714,"0.17,0.17,0.17,0.17,0.17,0.17","1.000,1.003,0.999,1.001,0.995,1.003"
430,12007.094907658977,0.0010327911274536498,"0.17,0.17,0.17,0.17,0.17,0.17","1.000,0.999,1.000,1.008,1.001,0.998"
431,12040.413536636514,0.002771068809508219,"0.17,0.17,0.17,0.17,0.17,0.17","1.000,0.999,1.006,1.004,1.009,0.999"
432,12031.473107409807,-0.0007428108789308122,"0.17,0.17,0.17,0.17,0.17,0.17","1.000,0.998,1.001,1.003,0.985,1.008"
433,12023.744194356075,-0.0006425976720754523,"0.17,0.17,0.17,0.17,0.17,0.17","1.000,1.000,1.006,1.000,0.992,0.998"
434,12005.337332615036,-0.00153204901491725,"0.17,0.17,0.17,0.17,0.17,0.17","1.000,1.000,1.002,1.002,0.987,1.000"
435,12026.455670727031,0.0017575337425000692,"0.17,0.17,0.17,0.17,0.17,0.17","1.000,1.004,1.005,1.001,0.998,1.002"
436,11947.885931636845,-0.00655450912339658,"0.17,0.17,0.17,0.17,0.17,0.17","1.000,0.996,0.986,0.994,0.993,0.991"
437,11869.785502287385,-0.006558215356367888,"0.17,0.17,0.17,0.17,0.17,0.17","1.000,0.983,0.992,0.990,0.997,0.999"
438,11829.371004351826,-0.003410630846773372,"0.17,0.17,0.17,0.17,0.17,0.17","1.000,0.992,0.996,0.996,0.993,1.003"
439,11807.02714074875,-0.0018906324154441606,"0.17,0.17,0.17,0.17,0.17,0.17","1.000,0.993,1.002,0.996,0.996,1.002"
440,11763.208359628185,-0.003718149663919677,"0.17,0.16,0.17,0.17,0.17,0.17","1.000,0.995,0.997,0.994,0.994,0.998"
441,11673.981219553983,-0.0076141869192306805,"0.17,0.17,0.17,0.17,0.17,0.17","1.000,0.987,0.995,0.989,0.993,0.990"
442,11626.84736543678,-0.004045686035084222,"0.17,0.17,0.17,0.17,0.17,0.17","1.000,0.995,0.996,0.981,1.011,0.992"
443,11611.345779760748,-0.0013341474424033261,"0.17,0.17,0.17,0.17,0.17,0.17","1.000,0.990,1.008,0.997,0.994,1.003"
444,11598.22192417223,-0.0011309005970850485,"0.17,0.17,0.17,0.17,0.17,0.17","1.000,0.999,1.000,1.004,0.986,1.005"
445,11678.46259945141,0.006894538012796037,"0.17,0.17,0.17,0.17,0.17,0.17","1.000,1.010,1.013,1.009,0.991,1.018"
446,11652.776248055425,-0.002201885801418587,"0.17,0.17,0.17,0.17,0.17,0.17","1.000,1.000,0.993,0.992,1.000,1.002"
447,11535.871394971666,-0.010083023842744784,"0.17,0.17,0.17,0.17,0.17,0.17","1.000,0.993,0.988,0.972,0.989,0.999"
448,11365.352391907041,-0.014891968742244159,"0.17,0.17,0.17,0.17,0.17,0.17","1.000,0.981,0.975,0.977,0.994,0.984"
449,11311.676998689965,-0.004733908708307834,"0.17,0.17,0.17,0.17,0.17,0.17","1.000,0.999,0.996,0.984,1.003,0.990"
450,11197.476769204532,-0.010147090426596736,"0.17,0.17,0.17,0.17,0.17,0.17","1.000,0.991,0.996,0.984,0.993,0.976"
451,11271.82683371107,0.006617947505703752,"0.17,0.17,0.17,0.17,0.17,0.17","1.000,1.015,1.011,1.015,0.991,1.008"
452,11361.30490437744,0.007906863077613572,"0.17,0.17,0.17,0.17,0.17,0.17","1.000,1.017,1.006,1.015,0.995,1.015"
453,11419.765129065818,0.005132362345426388,"0.17,0.17,0.17,0.17,0.17,0.17","1.000,1.002,1.009,1.006,1.005,1.008"
454,11399.535617598998,-0.001773018112241834,"0.17,0.17,0.17,0.17,0.17,0.17","1.000,1.004,0.996,0.995,0.995,0.998"
455,11449.430276278119,0.004367351959594925,"0.17,0.17,0.17,0.17,0.17,0.17","1.000,1.009,1.002,0.999,1.016,1.001"
456,11421.966622179361,-0.002401573233198636,"0.17,0.17,0.17,0.17,0.17,0.17","1.000,1.000,0.996,0.998,1.006,0.986"
457,11390.024186428944,-0.0028004970626963944,"0.17,0.17,0.17,0.17,0.17,0.17","1.000,0.998,0.995,1.000,0.993,0.997"
458,11389.386272074531,-5.600797753234264e-05,"0.17,0.17,0.17,0.17,0.17,0.17","1.000,1.003,1.004,1.004,0.988,1.001"
459,11366.791961645555,-0.0019857743793001287,"0.17,0.17,0.17,0.17,0.17,0.17","1.000,0.997,0.995,1.007,0.999,0.989"
460,11315.234908452665,-0.004546078909221931,"0.17,0.17,0.17,0.17,0.17,0.17","1.000,0.996,0.994,1.000,0.991,0.992"
461,11160.812276818713,-0.013741300704392131,"0.17,0.17,0.17,0.17,0.17,0.17","1.000,0.993,0.979,0.983,0.983,0.980"
462,11010.726478320692,-0.013538806909191169,"0.17,0.17,0.17,0.17,0.17,0.17","1.000,0.994,0.983,0.974,0.980,0.988"
463,11042.24058115568,0.0028580393923061972,"0.17,0.17,0.17,0.17,0.17,0.17","1.000,1.001,1.006,1.005,0.997,1.007"
464,11109.423973912908,0.006065783326037414,"0.17,0.17,0.17,0.17,0.17,0.17","1.000,0.999,1.015,1.003,1.004,1.016"
465,11150.60643052933,0.0037001300405964353,"0.17,0.17,0.17,0.17,0.17,0.17","1.000,1.009,1.002,0.999,1.007,1.005"
466,11273.05484429333,0.010921466337011534,"0.17,0.17,0.17,0.17,0.17,0.17","1.000,1.011,1.012,1.009,1.016,1.017"
467,11338.09993571411,0.005753378938581029,"0.17,0.17,0.17,0.17,0.17,0.17","1.000,1.009,1.004,1.010,1.013,0.998"
468,11386.263822367931,0.004238970937751658,"0.17,0.17,0.17,0.17,0.17,0.17","1.000,1.011,1.008,1.004,1.005,0.998"
469,11370.287118721762,-0.0014041412789237353,"0.17,0.17,0.17,0.17,0.17,0.17","1.000,1.001,1.007,0.992,0.995,0.997"
470,11402.532499381408,0.002831920047709694,"0.17,0.17,0.17,0.17,0.17,0.17","1.000,1.011,1.004,0.992,1.004,1.006"
471,11333.179490795063,-0.006100818283236503,"0.17,0.17,0.17,0.17,0.17,0.17","1.000,1.002,0.994,0.987,0.982,0.999"
472,11295.413996425474,-0.0033378591960637125,"0.17,0.17,0.17,0.17,0.17,0.17","1.000,1.004,0.994,0.984,0.999,0.999"
473,11263.0719880345,-0.002867393722501804,"0.17,0.17,0.17,0.17,0.17,0.17","1.000,1.003,0.995,1.001,0.994,0.990"
474,11309.413198425986,0.004105996758000874,"0.17,0.17,0.17,0.17,0.17,0.17","1.000,1.004,1.011,1.004,1.007,0.998"
475,11308.765195268747,-5.729932323793893e-05,"0.17,0.17,0.17,0.17,0.17,0.17","1.000,1.001,1.001,1.001,0.995,1.001"
476,11264.674129998157,-0.003906460216892804,"0.17,0.17,0.17,0.17,0.17,0.17","1.000,0.999,0.997,0.989,0.994,0.998"
477,11214.848397616577,-0.0044329957556712846,"0.17,0.17,0.17,0.17,0.17,0.17","1.000,0.997,0.996,0.984,0.997,0.999"
478,11230.322027835966,0.0013787939567806928,"0.17,0.16,0.17,0.17,0.17,0.17","1.000,1.002,1.000,1.002,1.001,1.003"
479,11235.316350062374,0.00044461877509770794,"0.17,0.17,0.17,0.17,0.17,0.17","1.000,1.003,0.997,1.005,0.997,1.001"
