Date,history1,history2,history3,history4
2015-01-05,10046.83468,9959.064725,10101.05807,10101.00608
2015-01-06,9951.496609,9846.227665,10145.50816,10145.58364
2015-01-07,9896.320942,9806.91605,10177.73639,10177.77087
2015-01-08,9980.435906,9974.608214,10012.70936,10012.65598
2015-01-09,10012.8419,10149.67463,10003.83949,10003.80995
2015-01-10,10186.72215,10136.06537,9961.252765,9960.658268
2015-01-11,10280.21732,10154.08036,9914.50436,9914.03436
2015-01-12,10225.33943,10207.04029,9983.358464,9982.944281
2015-01-13,10327.75535,10358.33599,10044.28856,10043.82994
2015-01-14,10287.20158,10364.40055,10269.38885,10269.1166
2015-01-15,10332.06466,10363.99617,10339.25944,10339.2465
2015-01-16,10330.78634,10400.60928,10241.81163,10241.62263
2015-01-17,10336.89515,10416.88427,10185.04674,10184.80056
2015-01-18,10331.96133,10488.47882,10271.34209,10271.12984
2015-01-19,10388.8818,10481.56675,10304.23235,10303.88308
2015-01-20,10357.02648,10381.83451,10483.0827,10483.24678
2015-01-21,10388.65638,10435.43161,10579.5086,10579.61066
2015-01-22,10289.2737,10396.15265,10523.20477,10522.81773
2015-01-23,10325.87924,10288.34471,10629.24428,10628.77957
2015-01-24,10343.96369,10339.82578,10587.20395,10586.74976
2015-01-25,10224.84879,10309.63028,10633.17666,10632.70351
2015-01-26,10200.85482,10314.92962,10631.77521,10631.54529
2015-01-27,10049.89746,10229.31831,10638.32833,10637.60951
2015-01-28,10013.41768,10229.68925,10633.55084,10632.62688
2015-01-29,10120.86964,10097.52797,10692.27525,10691.36617
2015-01-30,10049.16211,10071.6439,10659.86001,10659.07259
2015-01-31,10105.59248,10240.22181,10692.59517,10691.35948
2015-02-01,10204.70611,10234.61256,10590.46958,10588.93571
2015-02-02,10272.78088,10196.75052,10627.09178,10625.88509
2015-02-03,10269.96228,10157.4102,10646.13748,10644.85642
2015-02-04,10261.43767,10186.39475,10523.9251,10522.16305
2015-02-05,10221.43945,10119.16696,10499.25389,10497.41228
2015-02-06,10169.54141,10189.19378,10344.14648,10342.36304
2015-02-07,9986.887928,10109.92595,10307.07781,10305.27107
2015-02-08,9990.069649,10233.60586,10417.43693,10415.53196
2015-02-09,10006.34593,10276.29439,10343.53165,10341.52631
2015-02-10,10063.88146,10249.2672,10400.52523,10399.04811
2015-02-11,10006.61695,10282.43354,10502.83846,10501.3968
2015-02-12,10035.57884,10210.85402,10573.28649,10572.58609
2015-02-13,10100.72209,10012.32591,10570.3546,10569.93557
2015-02-14,10218.63303,9946.346824,10561.72369,10561.38868
2015-02-15,10189.21329,9987.462022,10520.57527,10519.98982
2015-02-16,10295.33302,9974.949245,10466.97067,10466.22637
2015-02-17,10364.18958,9903.093362,10279.08003,10278.22939
2015-02-18,10380.13045,9887.579587,10282.16721,10281.21872
2015-02-19,10329.20323,9695.831288,10299.12056,10298.05451
2015-02-20,10375.86255,9735.628056,10358.45587,10357.17849
2015-02-21,10415.63546,9900.904743,10300.01816,10298.57251
2015-02-22,10336.96517,10023.38979,10330.42848,10328.7802
2015-02-23,10138.21451,10015.7121,10397.71757,10396.06116
2015-02-24,10225.97688,9997.294857,10519.6665,10517.75765
2015-02-25,10282.75927,10060.3571,10489.23486,10487.60854
2015-02-26,10470.03534,10118.99363,10597.89116,10596.78345
2015-02-27,10417.7087,10176.93772,10668.71992,10667.46737
2015-02-28,10503.96193,10142.10808,10685.30378,10683.61543
2015-03-01,10524.92612,10086.06115,10633.06614,10631.26221
2015-03-02,10470.05045,10121.076,10681.08489,10679.29921
2015-03-03,10401.68835,10175.9757,10722.26605,10720.21324
2015-03-04,10256.61378,10053.00688,10641.41803,10639.30633
2015-03-05,10345.43089,10097.3745,10437.08181,10434.75209
2015-03-06,10324.89715,10123.13101,10526.67621,10524.53309
2015-03-07,10208.41293,10114.31676,10585.39621,10583.30022
2015-03-08,10167.34646,10012.78234,10777.19448,10775.22174
2015-03-09,10347.09229,9926.763158,10722.50288,10720.93579
2015-03-10,10531.46268,9871.066735,10810.81254,10809.48908
2015-03-11,10517.00755,9907.900156,10831.88882,10830.58177
2015-03-12,10536.48863,9798.647247,10775.54479,10774.23123
2015-03-13,10591.94974,9841.437385,10705.72459,10704.12209
2015-03-14,10749.60113,9976.860589,10557.22915,10555.35524
2015-03-15,10755.85227,9821.623016,10648.4525,10646.69317
2015-03-16,10754.23048,9729.181424,10627.39045,10625.56145
2015-03-17,10792.88081,9797.843629,10508.04005,10505.85731
2015-03-18,10809.41365,9852.009014,10465.7441,10463.66939
2015-03-19,10881.57503,9877.661518,10649.51342,10647.87246
2015-03-20,10875.23753,9835.965713,10838.21817,10837.11536
2015-03-21,10771.61645,9762.447315,10823.80033,10822.56608
2015-03-22,10827.65396,9535.220426,10844.04068,10842.51903
2015-03-23,10786.6326,9193.937033,10901.14938,10899.67538
2015-03-24,10674.99706,8871.601452,11063.06226,11061.62884
2015-03-25,10729.12264,8953.4535,11069.89269,11068.23159
2015-03-26,10697.73998,9255.364322,11068.43171,11066.28553
2015-03-27,10703.63566,9467.858632,11108.19252,11106.14726
2015-03-28,10615.31492,9467.789352,11125.00043,11123.31894
2015-03-29,10616.01295,9323.187182,11199.43381,11198.32035
2015-03-30,10477.24531,9065.655628,11192.74912,11191.60557
2015-03-31,10451.01261,9222.272881,11086.91119,11085.54693
2015-04-01,10627.48079,9244.532139,11143.90062,11142.68907
2015-04-02,10622.72504,9068.972656,11102.091,11100.88768
2015-04-03,10583.80063,9150.00911,10987.66403,10986.30709
2015-04-04,10543.05994,9163.81812,11043.18051,11042.09889
2015-04-05,10572.18065,9262.345147,11011.0113,11009.99856
2015-04-06,10503.01771,9338.90135,11017.02272,11016.05051
2015-04-07,10576.11927,9262.804713,10926.2748,10925.35075
2015-04-08,10493.46497,9356.358984,10927.13394,10926.20159
2015-04-09,10621.68622,9463.497385,10784.80825,10783.44892
2015-04-10,10666.14306,9412.646415,10757.84967,10756.46236
2015-04-11,10636.85274,9333.452294,10939.2737,10938.05511
2015-04-12,10672.26986,9377.49791,10934.79094,10933.6116
2015-04-13,10599.82533,9290.856489,10895.19148,10893.86504
2015-04-14,10392.26363,9283.768752,10853.6197,10852.29765
2015-04-15,10323.79705,9249.072551,10883.7847,10882.45337
2015-04-16,10367.69034,9241.577208,10812.22909,10811.05278
2015-04-17,10355.79337,8961.940754,10887.4791,10886.19099
2015-04-18,10281.20473,8914.808831,10802.93559,10801.39345
2015-04-19,10264.86853,9086.294942,10935.08974,10933.60998
2015-04-20,10064.76582,9123.479131,10981.14962,10979.7766
2015-04-21,10106.09961,9329.088138,10951.02255,10949.49945
2015-04-22,10279.33395,9464.424326,10987.69734,10986.08163
2015-04-23,10407.75828,9446.270285,10913.17656,10911.23786
2015-04-24,10400.74882,9463.20402,10700.29923,10698.10987
2015-04-25,10380.66542,9503.475928,10628.44857,10626.8127
2015-04-26,10446.74929,9607.768978,10673.26829,10671.71151
2015-04-27,10509.01291,9666.415149,10660.96686,10659.55732
2015-04-28,10571.28554,9631.783049,10584.41054,10582.4781
2015-04-29,10536.28163,9544.280946,10567.71434,10565.58772
2015-04-30,10480.25989,9783.731953,10361.82975,10359.23641
2015-05-01,10517.03363,9837.365093,10404.7187,10402.0961
2015-05-02,10575.30138,9892.781806,10582.22221,10579.66447
2015-05-03,10447.45615,9848.005252,10713.57986,10711.24266
2015-05-04,10494.64873,9815.283157,10706.30522,10704.13139
2015-05-05,10522.69897,9977.995035,10685.58491,10683.36187
2015-05-06,10513.50727,10143.54963,10753.2314,10750.96453
2015-05-07,10407.17466,10154.10769,10816.37116,10814.1488
2015-05-08,10319.37606,10164.03822,10880.29593,10877.90724
2015-05-09,10261.13094,10355.39396,10844.4914,10841.79447
2015-05-10,10298.28367,10304.08553,10787.45418,10784.45483
2015-05-11,10184.66797,10332.22448,10825.31048,10822.3695
2015-05-12,10229.10201,10368.83699,10885.18174,10882.10065
2015-05-13,10370.22202,10441.08663,10754.16385,10750.80331
2015-05-14,10205.96098,10469.31827,10802.66055,10799.19246
2015-05-15,10107.09006,10456.03094,10831.38327,10828.30078
2015-05-16,10180.10997,10394.41801,10821.93857,10818.78141
2015-05-17,10236.31942,10298.00162,10713.12806,10709.43792
2015-05-18,10262.76268,10298.09122,10622.93287,10619.34801
2015-05-19,10220.62746,10278.11114,10563.31553,10559.87806
2015-05-20,10144.99455,10196.85647,10601.56905,10598.36928
2015-05-21,9908.648397,10008.48,10484.47534,10480.96719
2015-05-22,9553.297535,10127.7553,10530.3112,10526.88857
2015-05-23,9219.411496,10090.23547,10675.30341,10671.47164
2015-05-24,9303.419603,10194.54378,10508.44635,10504.57415
2015-05-25,9619.084172,10214.41295,10407.57744,10402.45296
2015-05-26,9840.749207,10269.02211,10482.42086,10477.71965
2015-05-27,9839.806526,10270.44511,10540.49832,10535.72064
2015-05-28,9689.629794,10282.32019,10567.52605,10562.74441
2015-05-29,9423.397605,10250.42381,10524.43923,10519.5215
2015-05-30,9586.326652,10251.63764,10446.89088,10442.01531
2015-05-31,9611.118994,10246.27592,10204.36862,10199.84142
2015-06-01,9427.892129,10288.32512,9839.354123,9834.579791
2015-06-02,9509.412063,10211.75357,9495.67537,9490.327378
2015-06-03,9525.897526,10082.59894,9582.393729,9577.180269
2015-06-04,9628.969574,10289.69634,9906.844518,9902.021183
2015-06-05,9708.703552,10197.27779,10134.59549,10129.89865
2015-06-06,9628.516596,10184.91152,10133.84588,10129.07531
2015-06-07,9726.036583,10032.04049,9980.45617,9974.991412
2015-06-08,9837.7754,10069.19302,9706.563848,9701.005738
2015-06-09,9784.254196,9922.347099,9873.552617,9867.944324
2015-06-10,9700.922575,9999.53599,9899.156116,9893.980477
2015-06-11,9747.736451,10049.15421,9710.613065,9705.083461
2015-06-12,9656.57941,10209.02935,9794.372357,9787.849186
2015-06-13,9648.921191,10093.53406,9810.07031,9803.479531
2015-06-14,9613.081319,9881.26441,9915.791972,9909.275929
2015-06-15,9606.235343,9923.590678,9997.635739,9991.122746
2015-06-16,9313.906984,10002.37833,9915.5176,9908.824518
2015-06-17,9266.714836,10085.31859,10015.19272,10008.50733
2015-06-18,9444.79308,10045.93354,10129.77234,10123.12693
2015-06-19,9482.067068,9996.759717,10075.44448,10068.78335
2015-06-20,9697.230472,10094.53266,9990.019895,9983.555496
2015-06-21,9837.984083,10014.25804,10037.97449,10031.07184
2015-06-22,9818.724229,9925.035479,9944.923055,9937.7964
2015-06-23,9837.738709,9769.106679,9937.484159,9930.200578
2015-06-24,9881.182159,9834.387611,9900.461148,9893.118276
2015-06-25,9989.558984,9609.924716,9893.766533,9886.399989
2015-06-26,10051.75965,9355.688352,9593.120949,9585.458261
2015-06-27,10015.7617,9263.336612,9544.840992,9537.064615
2015-06-28,9924.327864,9341.788388,9728.1961,9720.403786
2015-06-29,10173.3793,9416.128268,9766.946034,9759.251535
2015-06-30,10228.86573,9239.063859,9987.325634,9979.712028
2015-07-01,10287.82254,9341.83661,10132.49993,10125.15481
2015-07-02,10240.47063,9136.690689,10112.69346,10105.43159
2015-07-03,10206.60528,9186.628266,10131.55356,10125.22143
2015-07-04,10376.19294,9039.572164,10176.02964,10169.83583
2015-07-05,10550.10524,9103.899415,10287.32224,10281.14473
2015-07-06,10563.72224,9273.666198,10351.15025,10345.2798
2015-07-07,10573.44854,9113.759699,10313.99254,10308.02617
2015-07-08,10773.96224,9134.935641,10220.42347,10214.16336
2015-07-09,10720.0007,8958.063641,10476.86294,10470.82213
2015-07-10,10748.52839,8823.291285,10534.45651,10528.47453
2015-07-11,10785.79886,9318.203484,10594.77909,10588.93357
2015-07-12,10861.98379,9271.514963,10545.65916,10539.72788
2015-07-13,10890.55154,9085.576139,10512.03719,10505.15871
2015-07-14,10879.40166,9074.020103,10686.30091,10679.52925
2015-07-15,10815.6834,9072.361589,10863.69994,10857.69711
2015-07-16,10714.36609,8784.393964,10878.06587,10872.16192
2015-07-17,10715.74956,8572.439128,10887.25427,10881.55207
2015-07-18,10694.83247,8538.019759,11092.3381,11086.86505
2015-07-19,10610.43611,8608.286836,11036.5314,11030.67396
2015-07-20,10417.16308,8489.969691,11066.12743,11060.42922
2015-07-21,10542.13746,8613.306563,11105.07882,11099.69228
2015-07-22,10502.6923,8887.705158,11182.74301,11177.25296
2015-07-23,10611.44836,9029.484435,11212.07644,11206.93543
2015-07-24,10632.19864,8965.404375,11200.53246,11195.44285
2015-07-25,10691.53024,8974.674487,11135.19379,11129.72066
2015-07-26,10693.08493,9131.289696,11031.34399,11025.53755
2015-07-27,10705.28884,8968.26296,11033.1255,11027.60089
2015-07-28,10671.96637,8991.625305,11012.32443,11006.42529
2015-07-29,10673.87811,9071.318486,10925.7183,10919.45169
2015-07-30,10670.24549,9081.328512,10727.43295,10721.28076
2015-07-31,10714.44776,9083.700175,10855.31304,10849.69381
2015-08-01,10635.836,9057.77547,10814.79342,10809.12099
2015-08-02,10500.74886,9301.685151,10926.07337,10920.2326
2015-08-03,10715.94812,9334.285764,10947.18919,10941.21572
2015-08-04,10619.8086,9319.906955,11007.75441,11001.97004
2015-08-05,10606.41183,9407.269092,11009.40078,11003.63815
2015-08-06,10447.46163,9364.188238,11022.01705,11016.07959
2015-08-07,10487.34709,9218.278426,10987.62109,10981.61683
2015-08-08,10328.46038,9322.68551,10989.75448,10983.79391
2015-08-09,10409.32241,9320.912121,10985.5871,10979.87511
2015-08-10,10462.52003,9494.598267,11031.36478,11025.48377
2015-08-11,10629.69835,9497.823256,10949.9527,10943.8744
2015-08-12,10509.97776,9507.779524,10811.28235,10805.0938
2015-08-13,10288.58051,9653.920721,11031.74841,11025.76253
2015-08-14,10332.54165,9753.657918,10932.69322,10926.82903
2015-08-15,10414.03334,9887.248768,10919.79337,10913.90006
2015-08-16,10501.08332,9922.393628,10756.57262,10750.75924
2015-08-17,10460.40215,9907.066151,10797.62759,10791.93954
2015-08-18,10409.83905,9833.226421,10636.24515,10630.43182
2015-08-19,10511.62864,9815.633681,10719.32838,10713.57648
2015-08-20,10427.33719,9822.742748,10774.16373,10768.79407
2015-08-21,10334.96445,9977.65803,10946.2535,10940.89439
2015-08-22,10169.79818,10040.60516,10823.82013,10818.30634
2015-08-23,10240.38146,10024.55921,10596.32608,10590.75281
2015-08-24,10009.31054,10029.4686,10641.12074,10635.38977
2015-08-25,9744.61586,10093.1346,10725.32257,10719.66351
2015-08-26,9647.588415,10017.04251,10814.63721,10808.96059
2015-08-27,9729.242022,10121.56918,10773.12136,10767.48222
2015-08-28,9808.086848,9983.249489,10721.37026,10715.57816
2015-08-29,9622.085907,10045.51065,10826.06184,10820.53891
2015-08-30,9730.56921,10089.19003,10739.76819,10733.85597
2015-08-31,9514.265777,10198.67503,10645.03534,10639.0542
2015-09-01,9565.677027,10316.19178,10475.89475,10469.6854
2015-09-02,9413.733303,10297.28205,10548.45834,10542.56052
2015-09-03,9481.180807,10197.0569,10309.67602,10302.76641
2015-09-04,9654.662236,10202.72111,10038.66484,10031.61364
2015-09-05,9490.444733,10205.65036,9939.183686,9931.960042
2015-09-06,9512.74938,10324.85731,10023.45883,10015.78388
2015-09-07,9329.701505,10197.12776,10103.8643,10096.57636
2015-09-08,9185.496257,10124.39421,9913.003378,9905.566899
2015-09-09,9707.790899,10032.85893,10024.49489,10017.07501
2015-09-10,9659.068307,10034.54209,9802.299201,9794.86516
2015-09-11,9465.164435,9893.68554,9855.683713,9848.293191
2015-09-12,9452.256966,9672.620492,9698.766647,9691.35442
2015-09-13,9451.468437,9655.205368,9767.813027,9760.710976
2015-09-14,9154.12166,9723.36161,9946.554235,9939.252209
2015-09-15,8932.76365,9650.335011,9777.304162,9770.177771
2015-09-16,8898.265082,9597.78385,9800.245603,9793.105396
2015-09-17,8972.228334,9668.288083,9612.876975,9605.668785
2015-09-18,8847.821757,9680.368525,9464.798296,9457.351996
2015-09-19,8976.6651,9704.812798,10003.59487,9996.477166
2015-09-20,9263.093118,9830.872818,9953.615899,9946.667914
2015-09-21,9409.912132,9757.052803,9754.027667,9746.650734
2015-09-22,9343.523701,9799.057445,9740.56921,9733.282723
2015-09-23,9353.10514,9755.91867,9739.476777,9732.347856
2015-09-24,9516.723876,9916.986775,9433.363646,9426.449757
2015-09-25,9346.897998,9839.840201,9205.371834,9197.989974
2015-09-26,9370.243061,9932.563834,9169.418006,9162.33044
2015-09-27,9453.003318,9843.663965,9245.606733,9238.616772
2015-09-28,9462.847447,9926.933973,9118.021586,9110.920149
2015-09-29,9465.454192,9928.292282,9250.584781,9243.486987
2015-09-30,9439.814557,10194.0598,9545.23115,9538.839273
2015-10-01,9694.074584,10105.14752,9696.793538,9690.404218
2015-10-02,9728.182866,10184.58758,9628.575609,9622.100161
2015-10-03,9713.049035,10264.70961,9638.269916,9631.786586
2015-10-04,9805.070917,10241.38192,9806.75284,9800.087458
2015-10-05,9759.111754,10122.2517,9632.0301,9624.763479
2015-10-06,9607.407248,10148.21783,9655.920553,9648.565739
2015-10-07,9716.562155,10108.83047,9741.0177,9733.644262
2015-10-08,9714.754552,10223.4849,9751.328532,9743.741762
2015-10-09,9897.78661,10221.55497,9754.045547,9746.374702
2015-10-10,9900.798369,10256.3545,9727.22602,9719.656097
2015-10-11,9910.721142,10224.87197,9988.685195,9981.182751
2015-10-12,10063.78553,10091.98511,10023.90198,10016.18203
2015-10-13,10168.48665,9985.481886,10008.17385,10000.41136
2015-10-14,10307.70173,10049.92134,10103.07176,10095.20368
2015-10-15,10345.39191,10069.25916,10056.05332,10048.19964
2015-10-16,10328.59146,10070.65057,9899.931375,9891.794711
2015-10-17,10252.82369,9953.853717,10012.40925,10004.44027
2015-10-18,10234.88993,10061.32149,10010.70528,10002.62616
2015-10-19,10242.78464,10146.7489,10198.8599,10190.83166
2015-10-20,10404.80627,10001.50623,10202.27092,10194.16497
2015-10-21,10470.43111,10117.94518,10212.60158,10204.64227
2015-10-22,10453.73045,9789.2047,10370.32119,10362.17512
2015-10-23,10459.31305,9629.244426,10478.30297,10470.27607
2015-10-24,10525.95863,9828.753025,10621.58691,10613.65119
2015-10-25,10445.95912,10020.23254,10660.07149,10652.48834
2015-10-26,10555.80527,10044.20041,10642.8433,10635.14615
2015-10-27,10412.25215,10052.25915,10564.79291,10556.74243
2015-10-28,10478.63559,10004.03805,10546.35303,10538.1206
2015-10-29,10525.23488,10052.62517,10554.54782,10546.44362
2015-10-30,10640.33047,10082.93396,10721.13572,10713.36595
2015-10-31,10762.69088,10187.19101,10788.04616,10780.27041
2015-11-01,10743.76416,10287.43579,10770.98807,10763.16598
2015-11-02,10639.4649,10294.57488,10776.51433,10768.47085
2015-11-03,10645.7985,10197.15553,10845.73217,10837.82364
2015-11-04,10648.82633,10305.03258,10763.6819,10755.57936
2015-11-05,10774.26415,10300.21487,10876.38541,10868.26644
2015-11-06,10641.31388,10362.59234,10728.82051,10720.7291
2015-11-07,10565.46537,10372.54263,10797.60661,10789.36287
2015-11-08,10467.33707,10446.20071,10845.6515,10837.21352
2015-11-09,10469.63682,10352.26165,10964.2424,10955.49591
2015-11-10,10324.30836,10410.52099,11089.84792,11081.24015
2015-11-11,10093.3069,10305.7434,11070.06129,11061.36969
2015-11-12,10075.17208,10323.58418,10963.07103,10954.58396
2015-11-13,10147.24794,10439.55618,10969.81043,10961.19705
2015-11-14,10068.89053,10503.40364,10973.07956,10964.28684
2015-11-15,10014.91588,10608.0503,11102.59078,11093.69636
2015-11-16,10089.84406,10633.40772,10965.57944,10956.43654
2015-11-17,10102.81396,10565.00818,10887.7626,10878.6161
2015-11-18,10129.07167,10597.49543,10786.67795,10777.2982
2015-11-19,10261.62359,10658.94488,10789.14905,10779.76549
2015-11-20,10183.67686,10740.01316,10639.45204,10630.34184
2015-11-21,10228.66985,10726.78792,10401.65778,10392.5149
2015-11-22,10184.24651,10778.40356,10383.11716,10374.05661
2015-11-23,10354.34632,10831.80705,10458.01945,10448.67855
2015-11-24,10274.03662,10962.45106,10377.37757,10368.09264
2015-11-25,10371.2061,11065.5586,10321.83472,10312.60051
2015-11-26,10277.43731,11080.82102,10398.86151,10389.5623
2015-11-27,10364.55972,11061.86568,10412.07637,10402.88476
2015-11-28,10365.26777,11026.5158,10439.10001,10429.90807
2015-11-29,10643.33583,11070.66575,10575.59725,10565.98976
2015-11-30,10547.85484,11049.8763,10495.41791,10486.05428
2015-12-01,10630.08695,11039.29187,10542.32871,10532.4901
2015-12-02,10714.93071,11064.74783,10496.93624,10486.74495
2015-12-03,10690.55936,11009.30618,10670.87008,10660.81499
2015-12-04,10564.70879,11023.43724,10588.04217,10578.08548
2015-12-05,10592.53015,11032.54119,10688.32954,10678.18324
2015-12-06,10551.07042,11019.33086,10591.70469,10581.57255
2015-12-07,10670.82031,11013.89386,10681.30045,10671.16835
2015-12-08,10668.9474,11013.5336,10681.71664,10671.60866
2015-12-09,10706.44688,11046.76913,10968.27143,10958.17498
2015-12-10,10672.59229,11154.47681,10871.45023,10860.42112
2015-12-11,10532.73489,11299.22409,10955.71749,10944.94107
2015-12-12,10421.69008,11285.89245,11042.80616,11032.05928
2015-12-13,10490.91086,11195.49654,11017.71253,11007.04167
2015-12-14,10511.59634,10978.03418,10890.15406,10878.83189
2015-12-15,10513.27703,11106.33051,10918.78185,10907.50178
2015-12-16,10390.31576,11060.8269,10876.19394,10864.77816
2015-12-17,10501.54084,11160.94287,10999.7008,10988.47636
2015-12-18,10590.58477,11304.28525,10997.66755,10986.43192
2015-12-19,10438.59415,11245.24638,11036.36719,11025.12011
2015-12-20,10560.5053,11223.67185,11001.56417,10990.30279
2015-12-21,10216.92483,11244.33857,10857.94519,10846.59112
2015-12-22,10049.52037,11534.77363,10744.03205,10732.46711
2015-12-23,10259.48199,11647.16058,10815.01805,10803.75029
2015-12-24,10459.53345,11540.57672,10836.52439,10825.15583
2015-12-25,10483.26336,11482.65153,10838.26968,10826.79612
2015-12-26,10492.3128,11581.74295,10712.13561,10700.21872
2015-12-27,10442.43326,11624.75799,10827.10342,10815.26126
2015-12-28,10492.19461,11462.34739,10918.94455,10907.10052
2015-12-29,10524.82614,11510.66902,10761.93769,10751.16098
2015-12-30,10635.43119,11489.19166,10887.27263,10876.34448
2015-12-31,10740.47936,11473.45627,10534.24515,10523.03709
2016-01-01,10749.36243,11533.46428,10362.1116,10350.55967
2016-01-02,10647.9887,11532.23381,10578.00135,10566.0569
2016-01-03,10760.0172,11496.09356,10783.64832,10771.50936
2016-01-04,10754.78674,11600.89114,10808.00837,10795.68609
2016-01-05,10819.58235,11494.16701,10817.18275,10804.89059
2016-01-06,10830.45432,11493.7942,10765.98767,10753.59562
2016-01-07,10908.70115,11484.97549,10818.01721,10805.55153
2016-01-08,10811.73125,11477.17537,10851.38576,10838.99256
2016-01-09,10874.46844,11475.36891,10965.10724,10952.51553
2016-01-10,10764.7906,11528.52553,11073.14074,11060.86372
2016-01-11,10783.30641,11527.69686,11082.00236,11069.36211
2016-01-12,10902.1574,11518.33632,10977.98061,10965.11847
2016-01-13,10969.00058,11473.04462,11093.57246,11081.02524
2016-01-14,11077.48885,11552.05557,11088.28531,11075.69222
2016-01-15,11103.47539,11481.84013,11155.19124,11142.62472
2016-01-16,11032.74457,11384.5946,11166.29072,11153.82731
2016-01-17,11066.48418,11327.56604,11247.03719,11234.77488
2016-01-18,11131.87463,11319.98439,11146.9688,11134.86969
2016-01-19,11215.72602,11307.12406,11211.68053,11199.64436
2016-01-20,11201.68254,11194.948,11098.97236,11086.93417
2016-01-21,11255.9246,11145.98006,11118.07781,11105.99908
2016-01-22,11312.4083,11128.71068,11239.60871,11227.34034
2016-01-23,11447.86007,11050.89289,11308.31242,11296.0131
2016-01-24,11561.04542,11176.76275,11421.36071,11410.2821
2016-01-25,11578.24186,11215.33597,11447.93725,11436.91974
2016-01-26,11558.4774,11123.56753,11375.31046,11364.31321
2016-01-27,11521.87203,10905.38015,11409.73994,11398.84015
2016-01-28,11567.81177,10899.30971,11477.06343,11466.22888
2016-01-29,11545.86116,10684.76787,11563.61545,11552.78534
2016-01-30,11535.66369,10735.62946,11548.64736,11537.61652
2016-01-31,11561.93558,10849.02807,11604.74692,11593.66381
2016-02-01,11504.11285,10943.07542,11662.87978,11651.90511
2016-02-02,11519.1019,10880.97416,11802.48917,11791.88336
2016-02-03,11528.538,10974.13062,11917.77784,11907.83031
2016-02-04,11515.17673,10949.79583,11935.59948,11925.69285
2016-02-05,11509.49848,10903.99303,11915.58064,11905.54751
2016-02-06,11509.3231,10906.59269,11877.66073,11867.71816
2016-02-07,11544.53294,10889.9393,11925.26049,11915.52039
2016-02-08,11657.6471,10916.65167,11902.50108,11892.84168
2016-02-09,11809.76342,10778.34556,11892.75141,11882.96182
2016-02-10,11796.23634,10527.54572,11919.98142,11910.05326
2016-02-11,11702.80923,10545.41176,11860.80718,11850.68099
2016-02-12,11476.06149,10622.78416,11876.37677,11866.23259
2016-02-13,11611.05983,10614.64103,11886.26794,11876.18741
2016-02-14,11561.96883,10754.0878,11872.51619,11862.46702
2016-02-15,11665.53729,10831.36794,11866.44611,11856.53698
2016-02-16,11814.89644,10905.34986,11866.15658,11856.38528
2016-02-17,11753.71222,10863.4051,11902.42817,11892.52605
2016-02-18,11731.83047,10949.37702,12018.91224,12008.97372
2016-02-19,11753.57958,10876.50562,12175.06194,12165.24019
2016-02-20,12056.65224,10837.43261,12161.22535,12151.56357
2016-02-21,12174.03217,10757.49524,12065.1372,12055.46736
2016-02-22,12061.787,10822.96295,11832.14407,11822.36535
2016-02-23,12000.21619,10853.67748,11970.53079,11960.87617
2016-02-24,12103.35043,10818.56628,11919.50002,11910.08794
2016-02-25,12150.33993,10727.51026,12025.97699,12016.34145
2016-02-26,11981.54527,10747.90736,12178.93982,12169.03159
2016-02-27,12032.22699,10773.1113,12115.71555,12106.14344
2016-02-28,12010.36616,10732.84762,12093.48615,12083.92006
2016-02-29,11994.23793,10722.33588,12116.79543,12107.09557
2016-03-01,12058.62291,10689.98995,12429.33371,12419.63309
2016-03-02,12057.97272,10769.24894,12549.72353,12540.40689
2016-03-03,12018.75414,10850.39315,12434.89884,12425.23697
2016-03-04,12128.46104,10996.86606,12371.91738,12361.97358
2016-03-05,12015.27971,11089.35116,12478.09818,12468.09202
2016-03-06,12015.31289,11108.1202,12526.22344,12516.31472
2016-03-07,12005.25792,11178.73145,12352.75114,12342.31028
2016-03-08,11998.37509,11271.9372,12404.71108,12394.33897
2016-03-09,11996.65964,11253.01999,12382.31266,12371.88567
2016-03-10,12052.03951,11260.1629,12365.5764,12355.13774
2016-03-11,12051.7197,11254.89826,12431.66967,12421.34176
2016-03-12,12041.71436,11263.67788,12431.00993,12420.64454
2016-03-13,11994.5218,11265.35344,12390.87095,12380.30151
2016-03-14,12077.53247,11291.27353,12503.7173,12493.04698
2016-03-15,12004.30729,11345.36269,12387.49126,12376.72651
2016-03-16,11904.42479,11477.36009,12387.38636,12376.48018
2016-03-17,11845.75579,11600.19089,12377.6461,12366.27935
2016-03-18,11838.07132,11559.41095,12370.61707,12359.336
2016-03-19,11825.40216,11540.04317,12368.81502,12357.57242
2016-03-20,11708.06375,11442.32742,12425.86106,12414.6219
2016-03-21,11656.13918,11468.19804,12425.21392,12414.49091
2016-03-22,11637.31993,11583.58709,12415.15957,12404.17553
2016-03-23,11556.52241,11668.82595,12366.44497,12355.32008
2016-03-24,11688.96498,11774.60636,12451.93087,12440.67059
2016-03-25,11729.99721,11802.02526,12376.40422,12364.97506
2016-03-26,11634.77156,11837.9814,12273.77302,12262.21943
2016-03-27,11410.19093,11887.10708,12213.18402,12201.76754
2016-03-28,11403.72278,11902.84575,12205.53641,12194.13328
2016-03-29,11177.31068,11890.68056,12192.56966,12181.10598
2016-03-30,11230.95471,11942.67763,12072.34348,12061.01218
2016-03-31,11347.95659,11943.3881,12019.51699,12008.03613
2016-04-01,11447.95334,11980.80919,12000.36683,11988.93447
2016-04-02,11382.19381,11947.36416,11917.02528,11905.46588
2016-04-03,11480.57483,11962.84099,12052.62023,12041.44629
2016-04-04,11455.06864,12012.08999,12094.70728,12083.53735
2016-04-05,11407.30054,12057.44416,11997.00664,11985.32524
2016-04-06,11408.91125,12006.758,11765.71541,11753.93947
2016-04-07,11390.94255,12011.71985,11759.26734,11747.12188
2016-04-08,11418.75837,11999.38816,11527.73127,11515.43329
2016-04-09,11273.17918,11989.97438,11582.46627,11570.41391
2016-04-10,11010.73893,12147.39317,11702.45407,11690.52718
2016-04-11,11030.43776,12092.46625,11805.22638,11793.39751
2016-04-12,11112.08021,12124.13322,11737.5153,11725.76455
2016-04-13,11103.42357,12078.08027,11838.97574,11827.2107
2016-04-14,11250.30949,12065.14832,11813.33545,11801.44324
2016-04-15,11331.96785,12053.24625,11764.09136,11752.10397
2016-04-16,11409.88748,12062.16682,11765.75607,11753.99895
2016-04-17,11364.01866,12161.13205,11747.18698,11735.3325
2016-04-18,11453.51695,12227.94483,11775.75048,11764.04317
2016-04-19,11376.10964,12159.96069,11626.09856,11614.24505
2016-04-20,11335.87155,12204.23082,11356.08829,11343.85308
2016-04-21,11251.74526,12265.58306,11376.29549,11364.10066
2016-04-22,11319.69026,12350.17967,11460.49152,11448.61652
2016-04-23,11352.25231,12371.58678,11451.56041,11439.49743
2016-04-24,11314.93421,12236.15019,11602.96299,11591.24479
2016-04-25,11220.72675,12322.1354,11687.04459,11675.0553
2016-04-26,11242.60462,12362.56779,11766.96308,11754.91289
2016-04-27,11269.62755,12401.84625,11720.21558,11708.06884
2016-04-28,11228.51688,12425.82502,11812.67116,11800.46063
2016-04-29,11217.51575,12473.10296,11733.04548,11720.49234
2016-04-30,11184.40017,12570.14391,11692.02686,11679.47448
2016-05-01,11268.66359,12571.51563,11605.37836,11592.61705
2016-05-02,11353.66166,12567.84808,11675.72878,11663.09983
2016-05-03,11508.35551,12529.97459,11709.18674,11696.60555
2016-05-04,11605.37343,12536.1622,11670.89733,11658.14741
2016-05-05,11624.72823,12503.64491,11574.60791,11561.54632
2016-05-06,11699.68319,12480.83903,11597.16217,11584.07569
2016-05-07,11798.53975,12478.96436,11624.76723,11611.72363
2016-05-08,11778.75697,12519.78724,11582.26735,11569.30397
2016-05-09,11786.33344,12464.29353,11570.96598,11558.04411
2016-05-10,11781.57334,12433.32659,11537.13893,11524.32053
2016-05-11,11791.6525,12402.16339,11623.74171,11610.94339
2016-05-12,11792.85676,12512.15639,11711.10563,11698.35532
2016-05-13,11819.66079,12477.56017,11869.50905,11857.28912
2016-05-14,11877.23231,12485.65281,11969.48518,11957.08801
2016-05-15,12015.71346,12659.79265,11989.38891,11976.89854
2016-05-16,12145.00479,12715.08768,12067.10827,12054.62192
2016-05-17,12101.59653,12814.92628,12169.36597,12157.04089
2016-05-18,12081.66744,12843.58926,12149.65083,12137.18583
2016-05-19,11979.52649,12798.33818,12157.6703,12145.11025
2016-05-20,12005.14971,12821.48374,12152.63241,12139.80412
2016-05-21,12124.75918,12866.74927,12163.05881,12150.20153
2016-05-22,12212.99874,12965.58011,12164.70408,12151.60566
2016-05-23,12323.64662,13036.82039,12192.50946,12179.34474
2016-05-24,12352.88874,12988.3072,12251.21716,12238.14103
2016-05-25,12389.78807,12965.08887,12393.18312,12380.21735
2016-05-26,12440.82863,13006.35076,12525.68526,12512.99274
2016-05-27,12457.56941,13106.79753,12481.23675,12468.42774
2016-05-28,12446.02888,13206.07194,12460.99235,12447.8426
2016-05-29,12500.87556,13220.99724,12355.7074,12342.42591
2016-05-30,12502.06792,13231.88934,12382.73751,12368.97639
2016-05-31,12541.71032,13287.85592,12504.39403,12490.43496
2016-06-01,12506.38427,13312.70136,12595.82159,12581.49296
2016-06-02,12522.74535,13369.25008,12709.66261,12695.37798
2016-06-03,12574.34775,13134.461,12739.5731,12725.30223
2016-06-04,12623.59038,13177.53616,12777.58526,12762.93363
2016-06-05,12572.41509,13289.52414,12829.72143,12815.64356
2016-06-06,12578.25953,13380.88559,12846.9033,12832.73507
2016-06-07,12565.2059,13370.33683,12835.20142,12820.96523
2016-06-08,12555.51311,13439.00762,12891.45089,12877.00919
2016-06-09,12720.68735,13503.95465,12893.11387,12878.52797
2016-06-10,12663.22466,13514.05063,12933.93129,12919.26885
2016-06-11,12696.82343,13510.2058,12897.66112,12883.06669
2016-06-12,12649.48906,13480.95893,12914.58885,12899.87968
2016-06-13,12636.45095,13503.504,12967.2147,12952.49141
2016-06-14,12624.06903,13666.5618,13017.28965,13002.72733
2016-06-15,12633.91682,13670.59901,12964.62278,12950.15527
2016-06-16,12739.74181,13665.5472,12970.22441,12955.35812
2016-06-17,12811.34803,13695.36935,12956.87272,12942.0413
2016-06-18,12739.87477,13978.8571,12947.09398,12932.16629
2016-06-19,12786.58157,13670.78219,13117.00595,13101.65449
2016-06-20,12850.35159,13574.66569,13058.13831,13042.69758
2016-06-21,12938.70707,13613.94739,13092.64587,13077.29951
2016-06-22,12960.77543,13590.36168,13043.94727,13028.62267
2016-06-23,12818.7917,13533.23855,13030.21185,13014.97228
2016-06-24,12908.72064,13496.08892,13017.52206,13002.27009
2016-06-25,12951.24649,13773.36905,13027.85271,13012.52675
2016-06-26,12993.7007,13704.67691,13137.36978,13122.24707
2016-06-27,13020.30699,13856.38653,13211.16354,13196.10838
2016-06-28,13069.21574,13827.82183,13137.73657,13122.69851
2016-06-29,13171.44787,13922.68801,13186.03324,13170.91115
2016-06-30,13172.96023,13904.41469,13251.74349,13236.63801
2016-07-01,13169.33832,13796.23915,13343.27353,13328.38045
2016-07-02,13132.31782,13938.08448,13365.50363,13350.26925
2016-07-03,13137.5743,13732.32407,13219.85609,13204.41243
2016-07-04,13103.54972,13722.00303,13312.15159,13296.63175
2016-07-05,13079.57599,13654.37741,13355.44583,13340.52522
2016-07-06,13077.69348,13774.81472,13399.58935,13384.47227
2016-07-07,13121.61311,13661.87541,13427.26461,13412.03356
2016-07-08,13063.7742,13743.77097,13477.53187,13462.48406
2016-07-09,13031.2112,13847.48042,13582.93013,13567.96315
2016-07-10,12999.36598,13929.94521,13584.93205,13569.87081
2016-07-11,13116.3513,14100.36236,13582.00688,13566.80899
2016-07-12,13079.91268,14124.07476,13543.29101,13528.17609
2016-07-13,13089.61111,14245.82717,13548.95612,13533.55281
2016-07-14,13273.0287,14241.42813,13514.01888,13498.24465
2016-07-15,13331.7802,14344.17222,13489.0364,13473.7223
2016-07-16,13437.09592,14392.51888,13487.11909,13471.45244
2016-07-17,13468.22269,14382.64772,13531.75434,13516.03841
2016-07-18,13421.206,14415.47739,13472.48754,13456.79457
2016-07-19,13445.54912,14456.75793,13438.65203,13422.73979
2016-07-20,13494.43765,14414.2736,13405.89343,13389.98894
2016-07-21,13597.92488,14561.2,13526.43828,13510.45552
2016-07-22,13673.58564,14428.5455,13489.04987,13473.11453
2016-07-23,13623.10213,14444.52588,13499.45689,13483.05411
2016-07-24,13599.84298,14400.86455,13688.34943,13671.88616
2016-07-25,13644.5587,14442.93401,13749.1931,13733.0887
2016-07-26,13748.38497,14466.70866,13857.40033,13841.38801
2016-07-27,13851.64348,14482.11519,13889.19972,13873.19775
2016-07-28,13867.89554,14508.7517,13841.13232,13825.13154
2016-07-29,13879.69556,14639.0963,13866.45263,13850.42395
2016-07-30,13938.15035,14657.52856,13917.2502,13900.92152
2016-07-31,13965.2803,14642.89886,14023.6013,14007.16051
2016-08-01,14024.92311,14305.52328,14101.0103,14084.88801
2016-08-02,13778.07758,14384.8647,14049.52608,14033.43433
2016-08-03,13822.83148,14560.75731,14025.73622,14009.54294
2016-08-04,13941.17714,14659.88859,14071.59675,14054.98389
2016-08-05,14037.95971,14745.69226,14177.92068,14160.92699
2016-08-06,14026.30133,14654.22816,14283.52846,14266.94438
2016-08-07,14098.05319,14689.89751,14300.54184,14283.90212
2016-08-08,14165.98957,14731.96207,14312.72862,14295.88857
2016-08-09,14177.03659,14934.48832,14372.6221,14355.76557
2016-08-10,14173.27626,14924.01189,14400.76208,14383.96088
2016-08-11,14143.61277,14858.46435,14461.89076,14444.90093
2016-08-12,14168.38917,14855.58928,14209.10072,14192.16016
2016-08-13,14339.5588,14845.69678,14255.10204,14238.02149
2016-08-14,14346.73918,14870.07086,14377.3833,14360.22231
2016-08-15,14341.53339,14994.72374,14476.70553,14459.30809
2016-08-16,14374.49237,15057.9029,14465.29433,14447.70956
2016-08-17,14678.69855,15060.09778,14539.54373,14521.87243
2016-08-18,14356.21862,14954.37593,14609.61816,14591.95797
2016-08-19,14256.11127,14920.05868,14621.06763,14603.42157
2016-08-20,14297.36675,15010.13088,14617.33468,14599.57498
2016-08-21,14274.16896,14973.30449,14587.38251,14569.43953
2016-08-22,14213.94923,15184.65462,14612.68343,14594.7633
2016-08-23,14175.67542,15172.46783,14789.86244,14772.17355
2016-08-24,14466.56793,15168.75544,14796.88326,14779.41585
2016-08-25,14394.24593,15014.91332,14791.74143,14774.10702
2016-08-26,14553.21354,15029.94679,14825.59374,14807.91513
2016-08-27,14524.3346,15047.24537,15133.91508,15117.63343
2016-08-28,14625.04275,15028.3357,14802.06625,14785.52981
2016-08-29,14605.66004,14842.14599,14699.85392,14683.45163
2016-08-30,14494.36126,14765.79663,14742.94231,14726.52173
2016-08-31,14645.27281,14743.27538,14718.80882,14702.26721
2016-09-01,14428.46964,14443.29709,14657.82113,14640.74457
2016-09-02,14416.94294,14429.08745,14618.9511,14601.43505
2016-09-03,14347.15128,14540.44194,14917.45204,14899.63353
2016-09-04,14472.12203,14550.43842,14843.22534,14825.32375
2016-09-05,14352.39994,14692.21619,15006.8696,14989.29828
2016-09-06,14438.34666,14681.4441,14977.35662,14959.65793
2016-09-07,14547.67432,14790.80232,15081.38879,15063.34159
2016-09-08,14635.11441,14757.22526,15061.66127,15043.49059
2016-09-09,14817.73451,14814.29129,14947.14325,14929.09142
2016-09-10,14844.33211,14849.5312,15102.0135,15084.02848
2016-09-11,14974.58399,14906.04657,14879.5671,14861.35312
2016-09-12,14969.03683,14916.65929,14867.57067,14849.31768
2016-09-13,15078.99672,14992.97303,14795.75456,14777.53537
2016-09-14,15131.06055,14899.50137,14923.97695,14905.93021
2016-09-15,15120.1732,14934.6059,14800.82498,14782.73734
2016-09-16,15157.39019,14943.93353,14889.38495,14871.38772
2016-09-17,15201.59433,14870.09593,15002.22588,14984.19176
2016-09-18,15156.84662,15002.24251,15091.95667,15074.426
2016-09-19,15312.18614,15218.44137,15280.13488,15262.65758
2016-09-20,15173.59386,15291.39195,15307.16028,15289.83573
2016-09-21,15191.2723,15171.9117,15440.97488,15423.66896
2016-09-22,15147.42156,15217.69746,15435.32445,15417.88421
2016-09-23,15192.03954,15145.24481,15548.46485,15530.95081
2016-09-24,15216.92052,15245.72308,15602.24316,15584.72806
2016-09-25,15233.89174,15474.56807,15591.48526,15574.00942
2016-09-26,15262.41048,15664.46102,15629.8317,15612.34356
2016-09-27,15400.63945,16041.55666,15674.88913,15657.32597
2016-09-28,15419.31617,16072.10382,15628.39198,15611.01259
2016-09-29,15402.34385,16228.40259,15787.85837,15770.61372
2016-09-30,15046.21232,16301.39642,15645.81233,15628.58485
2016-10-01,15129.00427,16452.09106,15663.18649,15646.68151
2016-10-02,15315.97887,16483.96175,15619.32511,15602.32572
2016-10-03,15420.47047,16614.69436,15665.14053,15648.28705
2016-10-04,15511.49268,16462.22504,15689.11634,15671.60146
2016-10-05,15417.87184,16471.18815,15707.04567,15689.27436
2016-10-06,15457.97074,16413.52319,15736.38895,15718.58015
2016-10-07,15502.17619,16333.14297,15876.62826,15858.7161
2016-10-08,15711.99459,16183.99746,15896.2452,15877.79395
2016-10-09,15700.28661,16377.32596,15878.5382,15860.28612
2016-10-10,15630.47518,16330.83633,15513.11608,15494.41213
2016-10-11,15626.40471,16420.22924,15598.17764,15579.05932
2016-10-12,15614.69017,16584.68441,15790.51406,15771.22909
2016-10-13,15640.67169,16570.03717,15897.43583,15878.42945
2016-10-14,15771.06648,16679.19366,15991.09322,15972.36958
2016-10-15,15837.72105,16644.82707,15894.78559,15876.70879
2016-10-16,15841.29112,16652.92715,15935.05972,15917.20632
2016-10-17,15730.11363,16223.69669,15980.72147,15963.0817
2016-10-18,15695.16252,16319.03693,16195.7356,16178.26035
2016-10-19,15791.46424,16124.23449,16183.06729,16165.26693
2016-10-20,15752.81494,15793.96414,16111.51553,16093.33001
2016-10-21,15976.81297,15799.27366,16107.90937,16089.503
2016-10-22,15966.1144,15912.83695,16096.83561,16077.97293
2016-10-23,15962.28581,16049.98177,16123.61692,16104.45
2016-10-24,15802.54491,16113.58407,16257.47939,16238.38087
2016-10-25,15816.43043,16146.59148,16326.37977,16307.16526
2016-10-26,15837.49402,16041.28781,16330.30901,16311.00157
2016-10-27,15818.33313,16144.47847,16216.30796,16197.02249
2016-10-28,15626.74856,16021.14638,16180.24062,16160.98879
2016-10-29,15549.2345,16157.06132,16279.52699,16260.21704
2016-10-30,15529.30607,16224.37578,16240.51206,16220.8406
2016-10-31,15213.19693,16077.76336,16469.66045,16449.68483
2016-11-01,15194.9328,16066.40436,16458.16575,16438.44582
2016-11-02,15317.09529,16152.14878,16453.74764,16433.52282
2016-11-03,15329.41804,16194.6743,16289.94843,16269.87972
2016-11-04,15480.41594,16034.60279,16304.2749,16284.10537
2016-11-05,15470.67085,16083.02833,16325.67918,16305.80413
2016-11-06,15587.27485,16091.67026,16305.62172,16285.51039
2016-11-07,15552.58076,,16108.70526,16088.37608
2016-11-08,15610.69383,,16029.27717,16009.05896
2016-11-09,15648.94075,,16009.14248,15989.05678
2016-11-10,15711.03212,,15685.50801,15665.41868
2016-11-11,15721.76479,,15666.99395,15646.90481
2016-11-12,15801.72247,,15792.07658,15772.18074
2016-11-13,15702.41899,,15805.25582,15785.13094
2016-11-14,15743.30975,,15961.10304,15940.78136
2016-11-15,15757.65358,,15950.71723,15930.49004
2016-11-16,15677.89513,,16070.04198,16050.12177
2016-11-17,15818.65398,,16034.54839,16014.77238
2016-11-18,16027.34579,,16094.67625,16074.34737
2016-11-19,16103.96543,,16134.19545,16113.65081
2016-11-20,15981.52512,,16197.63424,16177.13628
2016-11-21,16032.0886,,16208.80579,16188.52693
2016-11-22,15958.76085,,16291.3938,16270.97391
2016-11-23,16064.3326,,16189.41261,16168.58735
2016-11-24,16304.14788,,16231.65963,16210.69055
2016-11-25,16510.34034,,16244.99064,16223.63788
2016-11-26,16904.0704,,16163.45412,16142.05483
2016-11-27,16939.28829,,16308.01809,16286.5592
2016-11-28,17098.61003,,16530.70544,16511.02471
2016-11-29,17174.4518,,16610.05154,16590.10643
2016-11-30,17335.45255,,16484.66844,16464.71285
2016-12-01,17369.46094,,16536.70382,16516.61018
2016-12-02,17503.13158,,16461.00944,16440.92295
2016-12-03,17345.38698,,16570.15512,16550.35417
2016-12-04,17355.91893,,16815.67052,16796.28038
2016-12-05,17295.45169,,17027.8798,17008.7348
2016-12-06,17213.22085,,17436.69232,17415.21191
2016-12-07,17056.16246,,17473.04594,17451.81323
2016-12-08,17260.94671,,17640.13475,17619.03437
2016-12-09,17212.05792,,17717.78495,17696.08858
2016-12-10,17308.03102,,17882.42474,17860.60302
2016-12-11,17483.06384,,17917.17949,17895.15996
2016-12-12,17468.06883,,18057.73786,18035.41114
2016-12-13,17584.17496,,17894.67461,17872.21662
2016-12-14,17547.29167,,17905.83691,17883.23546
2016-12-15,17556.99524,,17844.37084,17821.56306
2016-12-16,17108.33608,,17759.82821,17737.57754
2016-12-17,17213.09511,,17597.92707,17575.68004
2016-12-18,17005.54457,,17808.72274,17786.42548
2016-12-19,16656.02485,,17758.81171,17736.53988
2016-12-20,16662.58663,,17858.09951,17835.76912
2016-12-21,16781.68784,,18037.67257,18015.86699
2016-12-22,16927.74429,,18021.88359,18000.05569
2016-12-23,16996.35473,,18142.61982,18120.83442
2016-12-24,17031.39237,,18105.32308,18083.44671
2016-12-25,16922.04743,,18116.3584,18094.02724
2016-12-26,17028.60962,,17654.15902,17632.13563
2016-12-27,16898.51862,,17761.96048,17740.64844
2016-12-28,17044.00718,,17547.8187,17526.28237
2016-12-29,17118.56276,,17188.78323,17167.16443
2016-12-30,16964.73439,,17195.55779,17173.87467
2016-12-31,16952.69284,,17319.88454,17297.97294
2017-01-01,17043.46695,,17471.17579,17449.16317
2017-01-02,17089.79153,,17540.49538,17518.96613
2017-01-03,16922.73741,,17574.26739,17551.42767
2017-01-04,16976.86988,,17462.55999,17439.82923
2017-01-05,16986.78326,,17572.45987,17549.56537
